id,name,date,aye_votes,no_votes,Coalition,Australian Labor Party,Australian Greens,Helen Haines,Zali Steggall,Andrew Wilkie,Kate Chaney,Zoe Daniel,Monique Ryan,Sophie Scamps,Kylea Tink,Allegra Spender,Dai Le
7690,Business - Standing and sessional orders - Change the procedural rules,2022-07-27,89,54,no,aye,aye,aye,aye,aye,aye,aye,aye,aye,aye,aye,aye
7707,Treasury Laws Amendment (2022 Measures No. 1) Bill 2022 - Consideration of Senate Message - Agree with amendments and so pass bill,2022-08-04,86,55,no,aye,aye,,,aye,,aye,aye,aye,aye,,aye
7706,"Climate Change Bill 2022, Climate Change (Consequential Amendments) Bill 2022 - Consideration in Detail - Agree with the bills",2022-08-04,89,55,aye,aye,aye,,aye,aye,,aye,aye,aye,aye,aye,
7705,"Climate Change Bill 2022, Climate Change (Consequential Amendments) Bill 2022 - Consideration in Detail - Article 2 of the Paris Agreement",2022-08-04,88,56,no,aye,aye,,aye,aye,,aye,aye,aye,aye,aye,
7704,"Climate Change Bill 2022, Climate Change (Consequential Amendments) Bill 2022 - Consideration in Detail - Act on Climate Change Authority advice",2022-08-04,89,56,no,aye,aye,,aye,aye,,aye,aye,aye,aye,aye,aye
7703,"Climate Change Bill 2022, Climate Change (Consequential Amendments) Bill 2022 - Consideration in Detail - Transparency",2022-08-04,89,56,no,aye,aye,,aye,aye,,aye,aye,aye,aye,aye,aye
7702,"Climate Change Bill 2022, Climate Change (Consequential Amendments) Bill 2022 - Consideration in Detail - Sector-by-sector impact of policies",2022-08-04,90,54,aye,aye,aye,,aye,aye,,aye,aye,aye,aye,aye,aye
7701,"Climate Change Bill 2022, Climate Change (Consequential Amendments) Bill 2022 - Consideration in Detail - More ambitious targets",2022-08-04,128,7,aye,aye,no,,aye,no,,aye,no,aye,no,aye,aye
7700,"Climate Change Bill 2022, Climate Change (Consequential Amendments) Bill 2022 - Consideration in Detail - More ambitious targets needed",2022-08-04,127,8,aye,aye,no,,aye,no,,aye,no,no,no,aye,aye
7699,"Climate Change Bill 2022, Climate Change (Consequential Amendments) Bill 2022 - Consideration in Detail - Regional Australia",2022-08-04,89,56,no,aye,aye,,aye,aye,,aye,aye,aye,aye,aye,aye
7698,"Climate Change Bill 2022, Climate Change (Consequential Amendments) Bill 2022 - Consideration in Detail - Clarify that target is a minimum",2022-08-04,87,56,no,aye,aye,,aye,aye,,aye,aye,aye,aye,aye,aye
7697,"Climate Change Bill 2022, Climate Change (Consequential Amendments) Bill 2022 - Consideration in Detail - Amend objects of bill",2022-08-04,86,57,no,aye,aye,,aye,aye,,aye,aye,aye,aye,aye,
7696,"Climate Change Bill 2022, Climate Change (Consequential Amendments) Bill 2022 - Second Reading - Agree with bills' main idea",2022-08-04,87,56,aye,aye,aye,,aye,aye,,aye,aye,aye,aye,aye,
7695,"Climate Change Bill 2022, Climate Change (Consequential Amendments) Bill 2022 - Second Reading - On new fossil fuel projects",2022-08-04,122,9,aye,aye,no,,no,no,,no,aye,no,,aye,
7694,Public Sector Superannuation Salary Legislation Amendment Bill 2022 - Second Reading - Agree with bill's main idea,2022-08-04,116,5,aye,aye,no,,aye,aye,,,no,,,aye,
7714,Restoring Territory Rights Bill 2022 - Third Reading - Pass the bill,2022-08-03,99,37,aye,aye,aye,,aye,aye,,aye,aye,aye,aye,aye,
7713,Social Security (Administration) Amendment (Repeal of Cashless Debit Card and Other Measures) Bill 2022 - Third Reading - Pass the bill,2022-08-03,86,56,no,aye,aye,,aye,aye,,aye,aye,aye,aye,aye,aye
7712,Social Security (Administration) Amendment (Repeal of Cashless Debit Card and Other Measures) Bill 2022 - Second Reading - Agree with bill's main idea,2022-08-03,86,53,no,aye,aye,,aye,aye,,aye,aye,aye,aye,aye,no
7693,Social Security (Administration) Amendment (Repeal of Cashless Debit Card and Other Measures) Bill 2022 - Second Reading - Declare bill urgent,2022-08-02,82,58,no,aye,aye,,aye,aye,,aye,aye,,aye,no,no
7692,Australian Human Rights Commission Legislation Amendment (Selection and Appointment) Bill 2022 - Second Reading - Human Rights Commissioner for LGBTIQA+ people,2022-08-02,118,11,aye,aye,no,,no,no,,no,no,no,no,no,aye
7724,Business - Standing orders - Don't let a vote happen,2022-09-05,73,70,no,aye,no,no,no,no,no,no,no,no,no,no,no
7723,Business - Sessional orders - Change the priority of crossbench questions during Question Time,2022-09-05,89,54,no,aye,aye,aye,aye,aye,aye,aye,aye,aye,aye,aye,aye
7722,Business - Sessional orders - Let a vote happen,2022-09-05,87,53,no,aye,aye,aye,aye,aye,aye,aye,aye,aye,aye,aye,
7738,Climate Change (Consequential Amendments) Bill 2022 - Consideration of Senate Message - Agree with Senate amendment,2022-09-08,86,50,aye,aye,aye,aye,aye,aye,aye,aye,aye,aye,aye,aye,
7737,Climate Change Bill 2022 - Consideration of Senate Message - Agree with Senate amendments,2022-09-08,86,50,aye,aye,aye,aye,aye,aye,aye,aye,aye,aye,aye,aye,
7736,Motions - Ministerial Conduct - Don't let a vote happen,2022-09-08,84,53,no,aye,aye,aye,aye,,aye,aye,aye,aye,aye,aye,
7735,Aged Care Amendment (Implementing Care Reform) Bill 2022 - Consideration in Detail - Schedule of reasonable charges,2022-09-08,75,12,aye,aye,aye,no,no,no,no,no,no,no,no,no,no
7734,Aged Care Amendment (Implementing Care Reform) Bill 2022 - Second Reading - Registered nurses,2022-09-08,74,61,no,aye,aye,no,no,no,no,no,no,no,no,no,no
7733,Aged Care Amendment (Implementing Care Reform) Bill 2022 - Second Reading - Small and regional facilities,2022-09-08,70,65,no,aye,no,no,no,no,no,no,no,no,no,no,no
7752,Treasury Laws Amendment (2022 Measures No. 2) Bill 2022 - Second Reading - Inequality,2022-09-26,68,6,aye,aye,no,aye,aye,no,aye,aye,aye,aye,aye,aye,
7769,Social Security (Administration) Amendment (Repeal of Cashless Debit Card and Other Measures) Bill 2022 - Consideration of Senate Message - Agree and pass the bill,2022-09-28,87,50,no,aye,aye,aye,aye,aye,aye,aye,aye,aye,aye,aye,aye
7756,Motions - Taxation - Don't let a vote happen,2022-09-27,51,15,aye,aye,no,no,no,no,no,no,no,no,no,no,no
7805,Regulations and Determinations - Export Control (Animals) Amendment (Northern Hemisphere Summer Prohibition) Rules 2022 - Don't disallow,2022-10-27,30,13,aye,aye,no,no,no,no,aye,no,no,no,no,no,
7804,Emergency Response Fund Amendment (Disaster Ready Fund) Bill 2022 - Report from Federation Chamber - Concerns about policy,2022-10-27,89,54,no,aye,aye,aye,aye,aye,aye,aye,aye,aye,aye,aye,aye
7803,High Speed Rail Authority Bill 2022 - Second Reading - Publicly owned high speed rail,2022-10-27,48,9,aye,aye,no,aye,aye,no,aye,aye,aye,no,aye,aye,no
7802,Treasury Laws Amendment (2022 Measures No. 3) Bill 2022 - Consideration in Detail - Annual member meeting notices,2022-10-27,78,68,no,aye,aye,no,no,no,no,no,no,no,no,no,no
7801,Treasury Laws Amendment (2022 Measures No. 3) Bill 2022 - Consideration in Detail - Faith based super funds,2022-10-27,83,56,no,aye,,aye,aye,aye,aye,aye,aye,aye,aye,aye,no
7800,Family Assistance Legislation Amendment (Cheaper Child Care) Bill 2022 - Second Reading - Concerns about Government's spending commitments,2022-10-27,78,66,no,aye,aye,no,no,aye,no,no,no,no,no,no,no
7799,Family Assistance Legislation Amendment (Cheaper Child Care) Bill 2022 - Second Reading - Free universal early childhood education and care,2022-10-27,83,5,aye,aye,no,aye,aye,no,aye,aye,aye,aye,aye,aye,aye
7786,Business - Consideration of Legislation - Family Assistance Legislation Amendment (Cheaper Child Care) Bill 2022,2022-10-26,78,63,no,aye,aye,no,no,aye,no,no,no,no,no,no,no
7785,Offshore Electricity Infrastructure Legislation Amendment Bill 2022 - Report from Federation Chamber - Give Regulator power to Minister,2022-10-26,87,54,no,aye,aye,aye,aye,no,aye,aye,aye,aye,aye,aye,aye
7784,Social Services and Other Legislation Amendment (Lifting the Income Limit for the Commonwealth Seniors Health Card) Bill 2022 - Consideration of Senate Message - Disagree,2022-10-26,74,67,no,aye,no,,no,no,no,no,no,no,no,no,no
7823,Anti-Discrimination and Human Rights Legislation Amendment (Respect at Work) Bill 2022 - Consideration in Detail - Objects of bill,2022-11-07,63,14,aye,aye,no,no,no,no,no,no,no,no,no,no,aye
7822,Anti-Discrimination and Human Rights Legislation Amendment (Respect at Work) Bill 2022 - Consideration in Detail - Equal-access approach,2022-11-07,83,9,aye,aye,no,aye,aye,no,no,aye,no,no,aye,aye,no
7821,Anti-Discrimination and Human Rights Legislation Amendment (Respect at Work) Bill 2022 - Consideration in Detail - Extending protection,2022-11-07,69,15,aye,aye,no,no,no,no,no,no,no,no,no,no,aye
7820,Committees - Joint Select Committee on Fair Work Amendment Legislation; Appointment - Don't let another vote happen,2022-11-07,77,63,no,aye,aye,no,no,no,no,no,no,no,no,no,no
7819,Anti-Discrimination and Human Rights Legislation Amendment (Respect at Work) Bill 2022 - Consideration in Detail - Schedule 8,2022-11-07,87,52,no,aye,aye,aye,aye,aye,aye,aye,aye,aye,aye,aye,aye
7818,Anti-Discrimination and Human Rights Legislation Amendment (Respect at Work) Bill 2022 - Consideration in Detail - Omit schedules 4 & 5,2022-11-07,84,54,no,aye,aye,aye,aye,aye,aye,aye,aye,aye,aye,aye,no
7817,Anti-Discrimination and Human Rights Legislation Amendment (Respect at Work) Bill 2022 - Consideration in Detail - Power to Fair Work Ombudsman,2022-11-07,86,53,no,aye,aye,aye,aye,aye,aye,aye,aye,aye,aye,aye,no
7816,Anti-Discrimination and Human Rights Legislation Amendment (Respect at Work) Bill 2022 - Consideration in Detail - Add more flexibility,2022-11-07,81,57,no,aye,aye,no,aye,aye,aye,aye,aye,aye,no,aye,no
7837,"Fair Work Legislation Amendment (Secure Jobs, Better Pay) Bill 2022 - Third Reading - Pass the bill",2022-11-10,80,56,no,aye,aye,no,no,aye,no,aye,aye,no,,no,no
7836,"Fair Work Legislation Amendment (Secure Jobs, Better Pay) Bill 2022 - Consideration in Detail - Agree with the amended bill",2022-11-10,80,56,no,aye,aye,no,no,aye,no,aye,aye,no,,no,no
7835,"Fair Work Legislation Amendment (Secure Jobs, Better Pay) Bill 2022 - Consideration in Detail - Exclude farming",2022-11-10,83,53,no,aye,aye,aye,no,aye,aye,aye,aye,aye,,aye,no
7834,"Fair Work Legislation Amendment (Secure Jobs, Better Pay) Bill 2022 - Consideration in Detail - Mackellar MP amendments",2022-11-10,80,56,no,aye,aye,no,no,aye,no,aye,aye,no,,no,no
7833,"Fair Work Legislation Amendment (Secure Jobs, Better Pay) Bill 2022 - Consideration in Detail - Warringah MP amendments",2022-11-10,77,56,no,aye,aye,no,no,aye,no,no,no,no,,no,
7832,"Fair Work Legislation Amendment (Secure Jobs, Better Pay) Bill 2022 - Consideration in Detail - Multi-party bargains",2022-11-10,80,53,no,aye,aye,aye,no,aye,no,aye,aye,no,,no,
7831,"Fair Work Legislation Amendment (Secure Jobs, Better Pay) Bill 2022 - Consideration in Detail - Definition of small business",2022-11-10,80,54,no,aye,aye,no,no,aye,no,aye,aye,no,,no,aye
7830,"Fair Work Legislation Amendment (Secure Jobs, Better Pay) Bill 2022 - Consideration in Detail - Opposition amendments",2022-11-10,83,54,no,aye,aye,aye,no,aye,no,aye,aye,aye,no,no,aye
7829,"Fair Work Legislation Amendment (Secure Jobs, Better Pay) Bill 2022 - Consideration in Detail - Government amendments",2022-11-10,85,52,no,aye,aye,aye,no,aye,aye,aye,aye,aye,aye,no,aye
7828,"Fair Work Legislation Amendment (Secure Jobs, Better Pay) Bill 2022 - Consideration in Detail - Government amendment (30)",2022-11-10,78,59,no,aye,aye,no,no,aye,no,no,no,no,no,no,no
7827,"Fair Work Legislation Amendment (Secure Jobs, Better Pay) Bill 2022 - Second Reading - Agree with bill's main idea",2022-11-10,80,58,no,aye,aye,no,no,aye,no,aye,aye,no,no,no,no
7826,"Fair Work Legislation Amendment (Secure Jobs, Better Pay) Bill 2022 - Second Reading - Small business",2022-11-10,79,57,no,aye,aye,aye,no,aye,no,aye,aye,no,no,no,no
7825,"Business  - Consideration of Legislation - Fair Work Legislation Amendment (Secure Jobs, Better Pay) Bill 2022",2022-11-08,72,67,no,aye,no,no,no,no,no,no,no,no,no,no,no
7824,"Business - Consideration of Legislation - Fair Work Legislation Amendment (Secure Jobs, Better Pay) Bill 2022",2022-11-08,72,67,no,aye,no,no,no,no,no,no,no,no,no,no,no
7870,National Anti-Corruption Commission Bill 2022 - Consideration in Detail - Coalition amendments,2022-11-24,83,53,no,aye,aye,aye,aye,aye,aye,aye,aye,aye,aye,aye,no
7869,National Anti-Corruption Commission Bill 2022 - Consideration in Detail - Journalist activities not corrupt conduct,2022-11-24,34,14,aye,aye,no,no,no,no,no,no,no,no,no,no,no
7868,National Anti-Corruption Commission Bill 2022 - Consideration in Detail - Conduct of review and tabling of review report,2022-11-24,70,64,no,aye,no,no,no,no,no,no,no,no,no,no,no
7867,National Anti-Corruption Commission Bill 2022 - Consideration in Detail - Appointment decisions and politicisation,2022-11-24,46,16,aye,aye,no,no,no,no,no,no,no,no,no,no,no
7866,National Anti-Corruption Commission Bill 2022 - Consideration in Detail - Legal professional privilege and timing,2022-11-24,45,6,aye,aye,aye,aye,no,,no,no,aye,no,no,no,
7865,National Anti-Corruption Commission Bill 2022 - Consideration in Detail - Statement about witnesses and non-disclosure notations,2022-11-24,79,56,no,aye,aye,aye,aye,aye,no,aye,aye,no,no,aye,no
7864,National Anti-Corruption Commission Bill 2022 - Consideration in Detail - Translator and support services,2022-11-24,73,63,no,aye,no,aye,no,,no,no,aye,no,no,no,no
7863,National Anti-Corruption Commission Bill 2022 - Consideration in Detail - Majority,2022-11-24,55,14,aye,aye,no,no,no,no,no,no,no,no,no,no,no
7862,National Anti-Corruption Commission Bill 2022 - Consideration in Detail - Budget review timing and funding recommendations,2022-11-24,49,16,aye,aye,no,no,no,no,no,no,no,no,no,no,no
7861,National Anti-Corruption Commission Bill 2022 - Consideration in Detail - Pork barrelling and corrupt conduct definition,2022-11-24,58,15,aye,aye,no,no,no,no,no,no,no,no,no,no,no
7860,National Anti-Corruption Commission Bill 2022 - Consideration in Detail - Exceptional circumstances definition,2022-11-24,54,16,aye,aye,no,no,no,no,no,no,no,no,no,no,no
7859,National Anti-Corruption Commission Bill 2022 - Consideration in Detail - Public hearings and mandatory considerations,2022-11-24,77,14,aye,aye,no,no,no,no,no,no,no,no,no,no,aye
7838,"Business -  Consideration of Legislation Fair Work Legislation Amendment (Secure Jobs, Better Pay) Bill 2022",2022-11-22,77,57,no,aye,aye,aye,no,aye,no,aye,aye,aye,no,no,no
7903,Motions - Prime Minister - Don't let another vote take place,2022-12-01,83,49,no,aye,aye,aye,aye,aye,aye,aye,aye,aye,aye,aye,aye
7895,Motions - Member for Cook - Censure Scott Morrison,2022-11-30,86,50,aye,aye,aye,aye,aye,aye,aye,aye,aye,aye,aye,aye,
7887,Higher Education Support Amendment (2022 Measures No. 1) Bill 2022 - Consideration in Detail - Review of Schedule 2,2022-11-29,78,62,no,aye,aye,no,no,no,no,aye,aye,aye,no,no,no
7921,Treasury Laws Amendment (Energy Price Relief Plan) Bill 2022 - Consideration in Detail - Agree with the bill,2022-12-15,85,41,no,aye,aye,aye,aye,aye,aye,aye,aye,aye,aye,aye,
7920,Treasury Laws Amendment (Energy Price Relief Plan) Bill 2022 - Second Reading - Agree with bill's main idea,2022-12-15,85,40,no,aye,aye,aye,aye,aye,aye,aye,aye,aye,aye,aye,
7919,Treasury Laws Amendment (Energy Price Relief Plan) Bill 2022 - Second Reading - Don't disagree with the bill,2022-12-15,84,40,no,aye,aye,aye,aye,aye,aye,aye,aye,aye,aye,aye,
7918,Treasury Laws Amendment (Energy Price Relief Plan) Bill 2022 - Second Reading - No price freeze,2022-12-15,76,5,aye,aye,no,aye,aye,no,aye,aye,aye,aye,aye,aye,
7917,Business - Rearrangement - Treasury Laws Amendment (Energy Price Relief Plan) Bill 2022,2022-12-15,81,45,no,aye,aye,aye,aye,aye,no,aye,aye,no,no,no,
7916,Business - Rearrangement - Alternative timeline for the day,2022-12-15,81,45,no,aye,aye,aye,aye,aye,no,aye,aye,no,no,no,
7950,Migration Amendment (Aggregate Sentences) Bill 2023 - Consideration in Detail - Agree with the bill,2023-02-13,54,13,aye,aye,no,no,no,no,no,no,no,no,no,no,aye
7949,Migration Amendment (Aggregate Sentences) Bill 2023 - Consideration in Detail - Exception,2023-02-13,54,13,aye,aye,no,no,no,no,no,no,no,no,no,no,aye
7948,Migration Amendment (Aggregate Sentences) Bill 2023 - Consideration in Detail - Broaden character test,2023-02-13,88,56,no,aye,aye,aye,aye,aye,aye,aye,aye,aye,aye,aye,no
7943,Regulations and Determinations - Superannuation Industry (Supervision) Amendment (Annual Members' Meetings Notices) Regulations 2022 - Disallowance,2023-02-08,74,64,no,aye,no,no,no,no,,no,no,no,no,no,
7936,Regulations and Determinations - Instrument of Designation of the Republic of Nauru as a Regional Processing Country,2023-02-07,78,14,aye,aye,no,no,no,no,no,no,no,no,no,no,
7935,Business - Rearrangement - Let a vote take place,2023-02-07,109,17,aye,aye,no,no,no,no,no,no,no,no,no,no,no
7934,Business - Rearrangement - Don't let everyone speak,2023-02-07,73,68,no,aye,no,no,no,no,no,no,no,no,no,no,no
7956,National Housing Supply and Affordability Council Bill 2023 - Consideration in Detail - Composition of membership,2023-02-16,71,63,no,aye,no,no,no,no,no,no,no,no,no,no,no
7955,National Housing Supply and Affordability Council Bill 2023 - Consideration in Detail - Regional Australia and critical infrastructure,2023-02-16,74,17,aye,aye,no,no,no,no,no,no,no,no,no,no,no
7954,"Housing Australia Future Fund Bill 2023 - Consideration in Detail - Proportion of grants to regional, rural and remote Australia",2023-02-15,51,13,aye,aye,,no,no,no,no,no,no,no,no,no,no
7953,Housing Australia Future Fund Bill 2023 - Consideration in Detail - Review process in 2025,2023-02-15,72,13,aye,aye,,no,no,no,no,no,no,no,no,no,no
7952,Housing Australia Future Fund Bill 2023 - Second Reading - Agree with the bill's main idea,2023-02-15,84,49,aye,aye,,aye,aye,aye,aye,aye,aye,aye,aye,aye,aye
7951,Housing Australia Future Fund Bill 2023 - Second Reading - Housing crisis,2023-02-15,77,6,aye,aye,no,no,aye,no,aye,aye,aye,aye,aye,aye,aye
7957,Motions - Prime Minister - Criticise,2023-03-06,86,54,no,aye,aye,aye,aye,,aye,aye,aye,aye,aye,aye,
7988,Treasury Laws Amendment (2023 Measures No. 1) Bill 2023 - Report from Federation Chamber - Franking credits,2023-03-09,82,56,no,aye,aye,aye,,aye,aye,no,,no,no,no,aye
7987,Migration Amendment (Australia's Engagement in the Pacific and Other Measures) Bill 2023 - Report from Federation Chamber - Agree with bill's main idea,2023-03-09,86,52,no,aye,aye,aye,,aye,aye,aye,,aye,aye,aye,aye
7986,Migration Amendment (Australia's Engagement in the Pacific and Other Measures) Bill 2023 - Report from Federation Chamber - Stop considering bill,2023-03-09,86,52,no,aye,aye,aye,,aye,aye,aye,,aye,aye,aye,aye
7985,Migration (Visa Pre-Application Process) Charge Bill 2023 - Report from Federation Chamber - Agree with bill,2023-03-09,86,52,no,aye,aye,aye,,aye,aye,aye,,aye,aye,aye,aye
7984,National Reconstruction Fund Corporation Bill 2022 - Consideration in Detail - Board appointment,2023-03-09,67,15,aye,aye,no,no,no,no,no,no,,no,no,no,no
7983,National Reconstruction Fund Corporation Bill 2022 - Consideration in Detail - Prohibited investments,2023-03-09,84,54,no,aye,aye,aye,aye,aye,aye,aye,aye,aye,,aye,
7982,National Reconstruction Fund Corporation Bill 2022 - Second Reading - Agree with bill's main idea,2023-03-09,89,53,no,aye,aye,aye,aye,aye,aye,aye,aye,aye,aye,aye,aye
7969,Referendum (Machinery Provisions) Amendment Bill 2022 - Consideration in Detail - Misleading and deceptive advertising,2023-03-07,62,16,aye,aye,no,no,no,no,no,no,no,no,no,no,no
7968,Referendum (Machinery Provisions) Amendment Bill 2022 - Second Reading - Agree with the main idea of the bill,2023-03-07,87,52,aye,aye,aye,aye,aye,aye,,aye,aye,aye,aye,aye,aye
8028,Safeguard Mechanism (Crediting) Amendment Bill 2022 - Consideration in Detail -  Agree with the bill as amended,2023-03-27,87,55,no,aye,aye,aye,aye,aye,aye,aye,aye,aye,aye,aye,no
8027,Safeguard Mechanism (Crediting) Amendment Bill 2022 - Consideration in Detail - Implementing ACCU review recommendations,2023-03-27,89,55,no,aye,aye,aye,aye,aye,aye,aye,aye,aye,aye,aye,aye
8026,Safeguard Mechanism (Crediting) Amendment Bill 2022 - Second Reading - Agree with bill's main idea,2023-03-27,89,55,no,aye,aye,aye,aye,aye,aye,aye,aye,aye,aye,aye,aye
8023,Education Legislation Amendment (Startup Year and Other Measures) Bill 2023 - Second Reading - Lack of clarity,2023-03-23,75,57,no,aye,aye,no,no,no,no,aye,aye,aye,aye,no,no
8013,Safeguard Mechanism (Crediting) Amendment Bill 2022 - Second Reading - Let Mr Rae speak more,2023-03-22,79,52,no,aye,aye,aye,,,,,,,aye,,
8012,Safeguard Mechanism (Crediting) Amendment Bill 2022 - Second Reading - Don't stop Hawke MP from speaking,2023-03-22,78,51,no,aye,aye,aye,,,,,,,,,
8011,Safeguard Mechanism (Crediting) Amendment Bill 2022 - Second Reading - Let Newcastle MP speak more,2023-03-22,86,51,no,aye,aye,aye,,aye,aye,aye,aye,aye,aye,aye,
8010,Safeguard Mechanism (Crediting) Amendment Bill 2022 - Second Reading - Stop Newcastle MP from speaking,2023-03-22,86,51,no,aye,aye,aye,,aye,aye,aye,aye,aye,aye,,
8009,Safeguard Mechanism (Crediting) Amendment Bill 2022 - Second Reading - Stop Bruce MP from speaking,2023-03-22,79,52,no,aye,aye,,,,,,aye,aye,aye,,
8008,Financial Accountability Regime Bill 2023 - Report from Federation Chamber - Penalities and indemnity,2023-03-22,58,9,aye,aye,no,no,aye,no,aye,no,no,no,aye,aye,
8007,Business - Consideration of Legislation - Don't change day's order for MP of Berowra's bill,2023-03-22,73,70,no,aye,no,no,no,no,no,no,no,no,no,no,no
8000,Motions - Climate Change - Don't let a vote happen,2023-03-21,56,12,aye,aye,no,no,no,no,,no,no,no,no,no,aye
8074,Safeguard Mechanism (Crediting) Amendment Bill 2023 - Consideration of Senate Message - Agree with Senate amendments and so pass bill,2023-03-30,89,50,no,aye,aye,aye,aye,aye,aye,aye,,aye,aye,aye,aye
8073,Business - Standing and Sessional Orders - Application of standing orders 80-81 during deferred divisions,2023-03-30,90,52,aye,aye,aye,aye,aye,aye,aye,aye,aye,aye,,aye,aye
8062,Motions - Offshore Petroleum and Greenhouse Gas Storage Amendment (Stop Pep11 and Protect Our Coast) Bill 2023 - Consider bill now,2023-03-29,47,14,aye,aye,no,no,no,no,no,no,no,no,no,no,
8061,National Reconstruction Fund Corporation Bill 2023 - Consideration of Senate Message - Agree with the Senate amendments,2023-03-29,87,55,no,aye,aye,aye,aye,aye,aye,aye,aye,aye,aye,aye,no
8037,Social Security (Administration) Amendment (Income Management Reform) Bill 2023 - Consideration in Detail - No compulsory income management,2023-03-28,85,5,aye,aye,no,aye,aye,no,aye,aye,aye,aye,aye,aye,
8036,Social Security (Administration) Amendment (Income Management Reform) Bill 2023 - Second Reading - Agree with the bill's main idea,2023-03-28,96,5,aye,aye,no,aye,aye,no,aye,aye,aye,aye,aye,,
8035,Social Security (Administration) Amendment (Income Management Reform) Bill 2023 - Second Reading - Cashless Debit Card program,2023-03-28,87,53,aye,aye,aye,aye,aye,aye,aye,aye,aye,aye,aye,,no
8034,Social Security (Administration) Amendment (Income Management Reform) Bill 2023 - Second Reading - Against compulsory income management,2023-03-28,95,6,aye,aye,no,no,aye,no,aye,aye,aye,aye,aye,aye,
8100,"Jobs and Skills Australia Amendment Bill 2023 - Consideration in Detail - Regional, rural and remote Australia",2023-05-11,88,53,no,aye,aye,aye,,aye,aye,aye,aye,aye,aye,aye,aye
8099,Jobs and Skills Australia Amendment Bill 2023 - Consideration in Detail - Independent selection process,2023-05-11,78,14,aye,aye,no,no,,no,no,no,no,no,no,no,no
8098,Jobs and Skills Australia Amendment Bill 2023 - Consideration in Detail - Review timeline,2023-05-11,83,58,no,aye,aye,aye,,aye,,aye,aye,no,no,aye,no
8097,Jobs and Skills Australia Amendment Bill 2023 - Consideration in Detail - Composition of advisory board,2023-05-11,84,55,no,aye,aye,aye,,aye,aye,aye,aye,aye,no,,no
8096,Family Law Amendment Bill 2023 - Second Reading - Agree with the bill's main idea,2023-05-11,88,55,no,aye,aye,aye,aye,,aye,aye,aye,aye,aye,aye,no
8095,Jobs and Skills Australia Amendment Bill 2023 - Second Reading - Agree with bill's main idea,2023-05-11,90,53,no,aye,aye,aye,aye,aye,aye,aye,aye,aye,aye,,aye
8127,Fair Work Legislation Amendment (Protecting Worker Entitlements) Bill 2023 - Report from Federation Chamber - Union fees,2023-05-25,79,61,no,aye,aye,aye,no,no,no,no,aye,no,no,no,no
8126,Fair Work Legislation Amendment (Protecting Worker Entitlements) Bill 2023 - Report from Federation Chamber - Disputes,2023-05-25,84,56,no,aye,aye,aye,aye,aye,aye,aye,no,no,no,no,no
8125,Fair Work Legislation Amendment (Protecting Worker Entitlements) Bill 2023 - Report from Federation Chamber - Flexible unpaid parental leave notice period,2023-05-25,82,58,no,aye,aye,aye,aye,aye,no,aye,aye,no,no,no,no
8124,Fair Work Legislation Amendment (Protecting Worker Entitlements) Bill 2023 - Report from Federation Chamber - Flexible unpaid parental leave notice period,2023-05-25,78,62,no,aye,aye,no,no,aye,no,no,no,no,no,no,no
8123,Fair Work Legislation Amendment (Protecting Worker Entitlements) Bill 2023 - Report from Federation Chamber - Flexible unpaid parental leave notice period,2023-05-25,81,59,no,aye,aye,aye,aye,aye,no,aye,no,no,no,no,no
8122,Fair Work Legislation Amendment (Protecting Worker Entitlements) Bill 2023 - Report from Federation Chamber - Opposition amendments,2023-05-25,79,61,no,aye,aye,aye,aye,no,no,no,no,no,no,no,no
8121,Infrastructure Australia Amendment (Independent Review) Bill 2023 - Consideration in Detail - Appointments,2023-05-24,57,16,aye,aye,no,no,no,no,no,no,no,no,no,no,no
8120,Infrastructure Australia Amendment (Independent Review) Bill 2023 - Consideration in Detail - Transparency,2023-05-24,48,16,aye,aye,no,no,no,no,no,no,no,no,no,no,no
8119,Infrastructure Australia Amendment (Independent Review) Bill 2023 - Consideration in Detail - Migration & refugee settlement; cultural & linguistic diversity,2023-05-24,42,16,aye,aye,no,no,no,no,no,no,no,no,no,no,no
8118,Infrastructure Australia Amendment (Independent Review) Bill 2023 - Consideration in Detail - Community and transparency,2023-05-24,50,16,aye,aye,no,no,no,no,no,no,no,no,no,no,no
8117,Infrastructure Australia Amendment (Independent Review) Bill 2023 - Consideration in Detail - Cost-benefit test,2023-05-24,64,14,aye,aye,no,no,no,no,no,no,no,no,no,no,no
8116,Infrastructure Australia Amendment (Independent Review) Bill 2023 - Consideration in Detail - Publication requirement + Post-completion cost data,2023-05-24,84,15,aye,aye,no,no,no,no,no,no,no,no,no,no,no
8115,Infrastructure Australia Amendment (Independent Review) Bill 2023 - Consideration in Detail - Regional Australia,2023-05-24,77,62,no,aye,aye,no,no,no,no,no,no,no,no,no,no
8114,Infrastructure Australia Amendment (Independent Review) Bill 2023 - Report from Federation Chamber - Criticism of Government,2023-05-24,84,51,no,aye,aye,aye,aye,aye,aye,aye,aye,aye,aye,,no
8137,Inspector-General of Live Animal Exports Amendment (Animal Welfare) Bill 2023 - Report from Federation Chamber - Agree with the bill's main idea,2023-05-31,87,51,no,aye,aye,aye,,aye,aye,aye,aye,aye,aye,aye,aye
8136,Inspector-General of Live Animal Exports Amendment (Animal Welfare) Bill 2023 - Report from Federation Chamber - Live export bans,2023-05-31,31,13,aye,aye,no,aye,no,no,aye,no,no,no,no,no,no
8135,Social Services and Other Legislation Amendment (Strengthening the Safety Net) Bill 2023 - Second Reading - Adopt Coalition policy,2023-05-31,90,49,aye,aye,aye,aye,aye,aye,aye,aye,aye,aye,aye,aye,aye
8134,Social Services and Other Legislation Amendment (Strengthening the Safety Net) Bill 2023 - Second Reading - Lift income support payments,2023-05-31,77,14,aye,aye,no,no,no,no,no,no,no,no,no,no,no
8133,Social Services and Other Legislation Amendment (Strengthening the Safety Net) Bill 2023 - Second Reading - Shift start date,2023-05-31,72,15,aye,aye,no,no,no,no,no,no,no,no,no,no,no
8132,Migration Amendment (Giving Documents and Other Measures) Bill 2023 - Consideration in Detail - Dual citizens,2023-05-31,89,56,no,aye,aye,aye,aye,aye,aye,aye,aye,aye,aye,aye,no
8131,Migration Amendment (Giving Documents and Other Measures) Bill 2023 - Report from Federation Chamber - Agree with the bill's main idea,2023-05-31,91,53,no,aye,aye,aye,aye,aye,aye,aye,aye,aye,aye,aye,
8130,Constitution Alteration (Aboriginal and Torres Strait Islander Voice) 2023 - Third Reading - Pass the bill,2023-05-31,121,25,aye,aye,aye,aye,aye,aye,aye,aye,aye,aye,aye,aye,aye
8129,Constitution Alteration (Aboriginal and Torres Strait Islander Voice) 2023 - Consideration in Detail - Agree with the bill,2023-05-31,121,25,aye,aye,aye,aye,aye,aye,aye,aye,aye,aye,aye,aye,aye
8128,Constitution Alteration (Aboriginal and Torres Strait Islander Voice) 2023 - Second Reading - Agree with bill's main idea,2023-05-31,120,25,aye,aye,aye,aye,aye,aye,aye,aye,aye,,aye,aye,aye
8140,Business - Rearrangement - Broadcasting Services Amendment (Prohibition of Gambling Advertisements) Bill 2023,2023-06-14,43,14,aye,aye,no,no,no,no,,no,no,no,no,no,no
8183,Nature Repair Market Bill 2023 and another - Second Reading - Agree with the bills' main idea,2023-06-21,82,55,no,aye,no,aye,aye,no,aye,no,aye,aye,aye,aye,aye
8269,Jobs and Skills Australia Amendment Bill 2023 - Consideration of Senate Message - Agree with amendments and pass bill,2023-08-07,79,50,no,aye,aye,,,aye,,aye,aye,,aye,,
8265,Motions - Prime Minister - Let another vote take place,2023-08-03,52,90,aye,no,no,no,no,no,no,no,no,no,no,no,
8264,Environment Protection (Sea Dumping) Amendment (Using New Technologies to Fight Climate Change) Bill 2023 - Consideration in Detail - Agree with the bill,2023-08-03,68,12,aye,aye,no,no,no,no,no,no,no,no,no,no,aye
8263,Environment Protection (Sea Dumping) Amendment (Using New Technologies to Fight Climate Change) Bill 2023 - Consideration in Detail - Not for new fossil fuel projects,2023-08-03,12,54,no,no,aye,aye,aye,aye,aye,aye,aye,aye,aye,aye,no
8262,Environment Protection (Sea Dumping) Amendment (Using New Technologies to Fight Climate Change) Bill 2023 - Consideration in Detail - Increasing transparency,2023-08-03,13,56,no,no,aye,aye,aye,aye,aye,aye,aye,aye,aye,aye,aye
8261,Environment Protection (Sea Dumping) Amendment (Using New Technologies to Fight Climate Change) Bill 2023 - Consideration in Detail - Limits on permits to capture & store carbon,2023-08-03,12,55,no,no,aye,aye,aye,aye,aye,aye,aye,aye,aye,aye,no
8260,Environment Protection (Sea Dumping) Amendment (Using New Technologies to Fight Climate Change) Bill 2023 - Consideration in Detail - Carbon dioxide streams,2023-08-03,12,53,no,no,aye,aye,aye,aye,aye,aye,aye,aye,aye,aye,no
8259,Environment Protection (Sea Dumping) Amendment (Using New Technologies to Fight Climate Change) Bill 2023 - Second Reading - Agree with the bill's main idea,2023-08-03,57,12,aye,aye,no,no,no,no,no,no,no,no,no,no,
8210,Public Service Amendment Bill 2023 - Consideration in Detail - Appontment process,2023-08-01,14,50,no,no,aye,aye,aye,aye,aye,aye,aye,aye,aye,aye,aye
8209,Public Service Amendment Bill 2023 - Consideration in Detail - Workplace diversity program,2023-08-01,14,52,no,no,aye,aye,aye,aye,aye,aye,aye,aye,aye,aye,aye
8208,Public Service Amendment Bill 2023 - Second Reading - Decline bill; respond to Robodebt Royal Commission report,2023-08-01,12,53,no,no,aye,aye,aye,no,aye,aye,aye,aye,aye,aye,aye
8290,Motions - Royal Commission into the Robodebt Scheme - Accept findings,2023-08-10,88,51,aye,aye,aye,aye,aye,aye,aye,aye,aye,aye,,aye,aye
8289,Motions - Royal Commission into the Robodebt Scheme - Member for Maribyrnong,2023-08-10,51,85,aye,no,no,no,,no,no,no,no,no,,no,no
8281,Treasury Laws Amendment (Making Multinationals Pay Their Fair Share â€” Integrity and Transparency) Bill 2023 - Second Reading - Criticise Government policy,2023-08-09,54,86,aye,no,no,no,no,no,no,no,no,no,,,
8310,Fair Work Legislation Amendment (Closing Loopholes) Bill 2023 - Second Reading - Date for next consideration,2023-09-04,62,80,aye,no,no,aye,aye,no,aye,aye,aye,aye,aye,aye,aye
8230,Motions - Overthrow of Chilean Government: 50th Anniversary - Let a vote happen,2023-09-11,10,57,no,no,aye,aye,,aye,,aye,aye,aye,aye,,
8337,Motions - Aviation Industry - Let a vote happen,2023-09-07,51,76,aye,no,no,,,aye,,,,,,,
8336,Motions - Standing and Sessional Orders - Let another vote take place,2023-09-07,16,51,no,no,aye,aye,aye,aye,aye,aye,aye,aye,aye,aye,aye
8334,Motions - Dissent from Ruling - Under standing order 87,2023-09-06,53,86,aye,no,no,no,no,,no,no,no,no,no,no,no
8333,Motions - Dissent from Ruling - Speed things along,2023-09-06,73,68,no,aye,no,no,no,no,no,no,no,no,no,no,no
8332,Higher Education Support Amendment (Response to the Australian Universities Accord Interim Report) Bill 2023 - Second Reading - Bill should be referred to Committee,2023-09-06,51,88,aye,no,no,no,no,no,no,no,,no,no,no,no
8331,Motions - Whistleblower Protection - Let a vote happen,2023-09-06,15,83,aye,no,aye,aye,aye,aye,aye,aye,,aye,aye,aye,aye
8318,Motion - Fair Work Legislation Amendment (Closing Loopholes) Bill 2023 - Reference to Committee,2023-09-05,63,80,aye,no,no,aye,aye,no,aye,aye,aye,aye,,aye,aye
8373,Treasury Laws Amendment (Housing Measures No. 1) Bill 2023 - Consideration of Senate Message - Agree with Senate amendment,2023-09-14,92,48,aye,aye,aye,aye,aye,aye,aye,aye,aye,aye,aye,aye,aye
8372,Housing Australia Future Fund Bill 2023 - Consideration of Senate Message - Agree with the Senate amendment,2023-09-14,91,48,aye,aye,aye,aye,aye,aye,aye,aye,aye,aye,aye,aye,aye
8371,Motions - Climate Change: Threat and Risk Assessment - Let a vote happen,2023-09-14,13,75,no,no,aye,aye,aye,aye,aye,aye,aye,aye,aye,aye,
8359,Statutory Declarations Amendment Bill 2023 - Report from Federation Chamber - Criticism of Government,2023-09-13,54,85,aye,no,no,no,no,,no,no,no,aye,aye,no,no
8349,Motions - Aboriginal and Torres Strait Islander Voice - Let another vote happen,2023-09-12,53,90,aye,no,no,no,no,no,no,no,no,no,no,no,
8380,Motions - Prime Minister; Attempted Censure - Let a vote happen,2023-10-16,51,86,aye,no,no,no,no,no,no,no,no,no,no,no,
8379,Motions - Israel - Condemns war crimes in Gaza,2023-10-16,7,107,no,no,aye,no,no,aye,no,no,no,aye,aye,no,
8412,Higher Education Support Amendment (Response to the Australian Universities Accord Interim Report) Bill 2023 - Consideration of Senate Message - Agree with Senate's amendment,2023-10-19,84,47,no,aye,aye,aye,aye,aye,aye,aye,aye,aye,aye,aye,aye
8411,Business - Days and Hours of Meeting - Sitting calendar 2024,2023-10-19,74,58,no,aye,aye,no,no,no,no,no,no,no,no,no,no
8410,Business - Days and Hours of Meeting - Amendment to proposed 2024 calendar,2023-10-19,57,74,aye,no,no,aye,aye,aye,aye,aye,aye,aye,aye,aye,aye
8409,Business - Days and Hours of Meeting - Speed things along,2023-10-19,73,56,no,aye,aye,no,no,no,no,no,no,,no,no,no
8408,Public Health (Tobacco and Other Products) Bill 2023 - Report from Federation Chamber - Close loopholes,2023-10-19,12,94,no,no,,aye,aye,aye,aye,aye,aye,aye,aye,aye,aye
8407,Migration Amendment (Australia's Engagement in the Pacific and Other Measures) Bill 2023 - Consideration of Senate Message - Agree with amendments and so pass the bill,2023-10-19,84,48,no,aye,aye,aye,aye,aye,aye,aye,aye,aye,aye,aye,aye
8406,Motions - Closing the Gap - Let another vote take place,2023-10-19,52,81,aye,no,no,no,,no,no,no,no,,no,,aye
8393,Identity Verification Services Bill 2023 - Second Reading - Agree with the bill's main idea,2023-10-18,82,51,no,aye,no,aye,aye,aye,aye,aye,aye,aye,aye,aye,aye
8392,Identity Verification Services Bill 2023 - Second Reading - Decline second reading,2023-10-18,5,65,no,no,aye,no,no,aye,no,no,no,no,no,no,no
8391,Water Amendment (Restoring Our Rivers) Bill 2023 - Consideration in Detail - Agree with bill as amended,2023-10-18,85,50,no,aye,aye,aye,aye,aye,aye,aye,aye,aye,aye,aye,no
8390,Water Amendment (Restoring Our Rivers) Bill 2023 - Consideration in Detail - Government amendments,2023-10-18,80,49,no,aye,,aye,aye,aye,,aye,aye,aye,aye,aye,no
8389,Water Amendment (Restoring Our Rivers) Bill 2023 - Consideration in Detail - Sustainable diversion limit adjustment mechanism (SDLAM) projects,2023-10-18,82,48,no,aye,,aye,aye,aye,aye,aye,aye,aye,aye,aye,aye
8388,Water Amendment (Restoring Our Rivers) Bill 2023 - Consideration in Detail - Consider effectiveness of payments,2023-10-18,81,48,no,aye,,aye,aye,aye,aye,aye,aye,aye,aye,aye,aye
8387,Water Amendment (Restoring Our Rivers) Bill 2023 - Consideration in Detail - Report to parliament each year,2023-10-18,81,48,no,aye,,aye,aye,aye,aye,aye,aye,aye,aye,aye,aye
8386,Water Amendment (Restoring Our Rivers) Bill 2023 - Second Reading - Agree with bill's main idea,2023-10-18,82,50,no,aye,aye,aye,aye,aye,aye,aye,aye,aye,,aye,no
8385,Water Amendment (Restoring Our Rivers) Bill 2023 - Second Reading - Oppose the bill,2023-10-18,49,79,aye,no,,no,no,no,no,no,no,no,,no,no
8440,"Motions - Mcbride, Mr David - Let a vote happen",2023-11-13,12,43,no,no,aye,aye,aye,,aye,aye,aye,aye,aye,aye,
8439,Business - Consideration of Legislation - Fair Work Legislation Amendment (Small Business Redundancy Exemption) Bill 2023,2023-11-13,61,75,aye,no,no,aye,aye,,aye,aye,aye,aye,aye,aye,aye
8438,Business - Consideration of Legislation - Fair Work Legislation Amendment (Strengthening Protections Against Discrimination) Bill 2023,2023-11-13,57,75,aye,no,no,aye,aye,,aye,aye,,,aye,aye,aye
8437,Fair Work Legislation Amendment (First Responders) Bill 2023 - First Reading - Suspend the usual procedural rules,2023-11-13,61,75,aye,no,no,aye,aye,,aye,aye,aye,aye,aye,aye,aye
8436,Fair Work Legislation Amendment (Asbestos Safety and Eradication Agency) Bill 2023 - First Reading - Suspend the usual procedural rules,2023-11-13,60,75,aye,no,no,aye,aye,,aye,aye,aye,aye,aye,aye,aye
8479,Motions - Leader of the House - Stop Mr Burke from speaking,2023-11-16,50,87,aye,no,no,no,,no,no,no,no,no,no,no,no
8478,Treasury Laws Amendment (2023 Measures No. 1) Bill 2023 - Consideration of Senate Message - Agree with Senate amendments,2023-11-16,80,59,no,aye,aye,aye,no,aye,aye,aye,no,no,aye,no,no
8477,Business - Rearrangement - Migration Amendment (Bridging Visa Conditions) Bill 2023,2023-11-16,75,62,no,aye,no,no,aye,aye,aye,no,no,no,no,no,no
8476,Business - Rearrangement - Put the question,2023-11-16,86,11,aye,aye,no,no,no,aye,no,no,no,no,no,no,aye
8475,Fair Work Legislation Amendment (Closing Loopholes) Bill 2023 - Second Reading - Agree with the bill's main idea,2023-11-16,78,62,no,aye,aye,no,no,aye,no,no,no,no,no,no,
8474,Fair Work Legislation Amendment (Closing Loopholes) Bill 2023 - Second Reading - Against the bill,2023-11-16,60,82,aye,no,no,no,aye,no,aye,no,no,aye,aye,aye,aye
8464,Primary Industries (Excise) Levies Bill 2023 - Report from Federation Chamber - Transparency of levies,2023-11-15,58,80,aye,no,no,aye,aye,,aye,no,no,aye,no,aye,aye
8463,Motions - National Security - Let another vote happen,2023-11-15,54,86,aye,no,no,no,no,no,no,no,no,,no,,no
8462,Social Security and Other Legislation Amendment (Supporting the Transition to Work) Bill 2023 - Second Reading - Increase work bonus,2023-11-15,61,79,aye,no,no,aye,aye,aye,,aye,aye,aye,aye,,aye
8456,Business - Rearrangement - Delete paragraph (8),2023-11-14,60,77,aye,no,no,aye,aye,no,aye,aye,aye,aye,aye,aye,aye
8455,Interactive Gambling Amendment (Credit and Other Measures) Bill 2023 - Consideration in Detail - Other amendments,2023-11-14,14,72,,no,aye,aye,aye,aye,aye,aye,aye,aye,aye,aye,aye
8454,Interactive Gambling Amendment (Credit and Other Measures) Bill 2023 - Consideration in Detail - Methods of payment,2023-11-14,51,86,aye,no,no,no,no,no,no,no,no,no,no,no,aye
8523,Migration Amendment (Bridging Visa Conditions and Other Measures) Bill 2023 - Third Reading - Pass the bill,2023-11-27,70,61,no,aye,no,,no,no,,no,no,,no,no,
8522,Migration Amendment (Bridging Visa Conditions and Other Measures) Bill 2023 - Second Reading - Agree with the bill's main idea,2023-11-27,70,62,no,aye,no,,no,no,,no,no,,no,no,
8521,Business - Consideration of Legislation - Time for debate,2023-11-27,70,64,no,aye,no,no,no,no,no,no,no,no,no,no,
8520,Business - Consideration of Legislation - Increase speaking time for first Opposition speaker,2023-11-27,106,9,aye,aye,no,no,no,aye,no,no,no,aye,no,,
8519,Crown References Amendment Bill 2023 - Second Reading - Agree with the bill's main idea,2023-11-27,85,51,no,aye,aye,aye,aye,aye,aye,aye,aye,aye,aye,aye,
8518,"Treasury Laws Amendment (Support for Small Business and Charities and Other Measures) Bill 2023 - Consideration in Detail - Increase to $30,000",2023-11-27,63,73,aye,no,aye,no,aye,no,aye,aye,aye,aye,aye,aye,
8517,Treasury Laws Amendment (Support for Small Business and Charities and Other Measures) Bill 2023 - Consideration in Detail - Instant asset write-off and the energy incentive,2023-11-27,13,54,no,no,aye,aye,aye,no,aye,aye,aye,aye,aye,aye,
8516,Treasury Laws Amendment (Support for Small Business and Charities and Other Measures) Bill 2023 - Second Reading - Instant Asset Write Off,2023-11-27,57,78,aye,no,no,no,aye,no,aye,no,aye,aye,aye,aye,
8545,Water Amendment (Restoring Our Rivers) Bill 2023 - Consideration of Senate Message - Agree with Senate amendments and so pass bill,2023-11-30,86,52,no,aye,aye,aye,aye,aye,aye,aye,aye,aye,aye,,aye
8544,Water Amendment (Restoring Our Rivers) Bill 2023 - Consideration of Senate Message - Put the question,2023-11-30,77,61,no,aye,aye,no,no,aye,no,no,no,no,no,,no
8543,Economic Inclusion Advisory Committee Bill 2023 - Consideration in Detail - Poverty and committee composition,2023-11-30,10,54,no,no,aye,aye,no,aye,aye,aye,aye,aye,aye,,
8542,Economic Inclusion Advisory Committee Bill 2023 - Consideration in Detail - Poverty reduction,2023-11-30,14,64,no,no,aye,aye,aye,aye,aye,aye,aye,aye,aye,aye,
8541,Counter-Terrorism Legislation Amendment (Prohibited Hate Symbols and Other Measures) Bill 2023 - Consideration in Detail - Nazi salute,2023-11-30,61,76,aye,no,no,aye,aye,aye,aye,aye,aye,aye,aye,aye,aye
8532,Fair Work Legislation Amendment (Closing Loopholes) Bill 2023 - Consideration in Detail - Government amendments,2023-11-28,79,60,no,aye,aye,no,no,aye,,no,no,,no,no,no
8531,Business - Conference with the Senate - Consider four Fair Work bills,2023-11-28,65,78,aye,no,no,aye,aye,aye,aye,aye,aye,aye,aye,aye,aye
8530,Business - Conference with the Senate - Put the question,2023-11-28,78,65,no,aye,aye,no,no,no,no,no,no,no,no,no,no
8529,Motions - Cybersafety - Let another vote happen,2023-11-28,62,73,aye,no,no,aye,aye,aye,aye,aye,aye,aye,aye,aye,aye
8528,Economic Inclusion Advisory Committee Bill 2023 - Second Reading - Agree with the bill's main idea,2023-11-28,84,51,no,aye,aye,aye,aye,aye,aye,aye,aye,aye,aye,aye,aye
8623,Fair Work Legislation Amendment (Closing Loopholes) Bill 2023 - Consideration of Senate Message - On dividing the bill,2023-12-07,74,52,no,aye,aye,no,aye,aye,no,aye,no,,no,no,
8622,Fair Work Legislation Amendment (Closing Loopholes) Bill 2023 - Consideration of Senate Message - Provisions not for this Bill,2023-12-07,48,72,aye,no,no,aye,aye,no,aye,aye,aye,,aye,aye,
8621,Fair Work Legislation Amendment (Closing Loopholes) Bill 2023 - Consideration of Senate Message - Workplace delegates,2023-12-07,9,91,no,no,no,aye,aye,no,aye,aye,aye,,aye,aye,
8620,Fair Work Legislation Amendment (Closing Loopholes) Bill 2023 - Consideration of Senate Message - Put the question,2023-12-07,73,55,no,aye,aye,no,no,aye,no,no,no,,no,no,
8619,Nature Repair Market (Consequential Amendments) Bill 2023 - Consideration of Senate Message - Agree with the Senate amendments,2023-12-07,83,49,no,aye,aye,aye,aye,aye,aye,aye,aye,,aye,aye,aye
8618,Nature Repair Market (Consequential Amendments) Bill 2023 - Consideration of Senate Message - Unconventional gas production or carbon sequestration,2023-12-07,59,73,aye,no,no,aye,aye,no,aye,aye,aye,,aye,aye,aye
8617,Nature Repair Market Bill 2023 - Consideration of Senate Message - Agree with Senate amendments,2023-12-07,82,49,no,aye,aye,aye,aye,aye,aye,aye,aye,,aye,aye,aye
8682,Business - Rearrangement - Fair Work Legislation Amendment (Closing Loopholes No. 2) Bill 2023,2024-02-12,62,77,aye,no,no,aye,aye,aye,aye,aye,aye,aye,aye,aye,aye
8681,Fair Work Legislation Amendment (Closing Loopholes No. 2) Bill 2023 - Consideration of Senate Message - Agree with amendments and so pass bill,2024-02-12,80,59,no,aye,aye,aye,no,,no,no,no,no,no,no,aye
8680,Fair Work Legislation Amendment (Closing Loopholes No. 2) Bill 2023 - Consideration of Senate Message - Put the question,2024-02-12,78,61,no,aye,aye,no,no,,no,no,no,no,no,no,no
8679,Fair Work Legislation Amendment (Closing Loopholes No. 2) Bill 2023 - Consideration of Senate Message - Removal of certain parts from the Senate amendments,2024-02-12,58,78,aye,no,no,no,aye,,aye,aye,aye,,aye,aye,no
8678,Fair Work Legislation Amendment (Closing Loopholes No. 2) Bill 2023 - Consideration of Senate Message - Consider immediately,2024-02-12,81,59,no,aye,aye,aye,no,aye,no,no,no,no,no,no,aye
8677,Fair Work Legislation Amendment (Closing Loopholes No. 2) Bill 2023 - Consideration of Senate Message - Delay consideration,2024-02-12,59,79,aye,no,no,aye,aye,no,aye,aye,aye,,aye,aye,aye
8662,Questions without Notice - Screen and Visual Arts Industry - Stop Mr Burke from speaking,2024-02-08,46,83,aye,no,no,no,no,no,no,no,no,no,no,,no
8648,Paid Parental Leave Amendment (More Support for Working Families) Bill 2023 - Second Reading - Small business,2024-02-07,54,84,aye,no,no,no,no,no,no,no,no,aye,no,,no
8647,Attorney-General's Portfolio Miscellaneous Measures Bill 2023 - Second reading - Agree with the bill's main idea,2024-02-07,88,52,no,aye,aye,aye,aye,aye,aye,aye,aye,aye,aye,aye,aye
8646,Australian Research Council Amendment (Review Response) Bill 2023 - Report from Federation Chamber - Agree with the bill's main idea,2024-02-07,89,50,no,aye,aye,aye,aye,aye,aye,aye,aye,aye,aye,aye,aye
8645,Motions - Middle East - Let another vote take place,2024-02-07,6,91,no,no,aye,aye,,aye,,no,,no,no,no,no
8641,Australian Human Rights Commission Amendment (Costs Protection) Bill 2023 - Report from Federation Chamber - Agree with the bill's main idea,2024-02-06,88,54,no,aye,aye,aye,aye,aye,aye,aye,aye,aye,aye,aye,aye
8640,Motions - Live Animal Exports - Let another vote take place,2024-02-06,13,36,no,no,aye,aye,aye,aye,,aye,aye,aye,aye,aye,
8687,Treasury Laws Amendment (Cost of Living Tax Cuts) Bill 2024 - Consideration in Detail - Treasury Laws Amendment (Cost of Living Tax Cuts but Not Actually Dealing with the Cost of Living) Act 2024,2024-02-15,51,83,aye,no,no,no,no,,no,no,no,,,,
8686,Treasury Laws Amendment (Cost of Living Tax Cuts) Bill 2024 - Consideration in Detail - Treasury Laws Amendment (Entrenching Bracket Creep) Act 2024,2024-02-15,51,83,aye,no,no,no,no,,no,no,no,,,,
8685,Treasury Laws Amendment (Cost of Living Tax Cuts) Bill 2024 - Consideration in Detail - Treasury Laws Amendment (Broken Promise) Act 2024,2024-02-15,51,84,aye,no,no,no,no,no,no,no,no,,no,,
8684,Treasury Laws Amendment (Cost of Living Tax Cuts) Bill 2024 - Second Reading - Coalition policy,2024-02-15,51,87,aye,no,no,no,no,no,no,no,no,no,no,,no
8683,Treasury Laws Amendment (Cost of Living Tax Cuts) Bill 2024 - Second Reading - Mr Bates' amendment,2024-02-15,5,88,no,no,aye,no,no,aye,no,no,no,no,no,,
8688,Motions - Middle East: Occupied Palestinian Territories - Let another vote take place,2024-02-26,6,77,no,no,aye,aye,,aye,,,,,,no,
8714,Competition and Consumer Amendment (Fair Go for Consumers and Small Business) Bill 2024 - Consideration in Detail - Review of operation of amendments,2024-02-29,15,57,no,no,aye,aye,aye,aye,aye,aye,aye,aye,aye,aye,aye
8713,Motions - Housing - Let another vote take place,2024-02-29,12,57,no,no,no,aye,aye,aye,aye,aye,aye,aye,aye,aye,
8707,Help to Buy Bill 2023 and another - Consideration in Detail - Cooperation with lenders and ministerial directions,2024-02-28,12,62,no,no,,aye,aye,aye,aye,aye,aye,aye,aye,aye,aye
8706,"Help to Buy Bill 2023, Help to Buy (Consequential Provisions) Bill 2023 - Consideration in Detail - Directions are to be disallowable",2024-02-28,16,67,no,no,aye,aye,aye,aye,aye,aye,aye,aye,aye,aye,aye
8705,Help to Buy Bill 2023 and Help to Buy (Consequential Provisions) Bill 2023 - Second Reading - Agree with the bills,2024-02-28,85,55,no,aye,no,aye,aye,aye,aye,aye,aye,aye,aye,aye,aye
8689,Business - Rearrangement - Help to Buy Bill 2023 and the Help to Buy (Consequential Provisions) Bill 2023,2024-02-27,64,75,aye,no,,aye,aye,no,aye,aye,aye,aye,aye,aye,aye
8721,Treasury Laws Amendment (Tax Accountability and Fairness) Bill 2023 - Consideration in Detail - Statutory review,2024-03-18,15,48,no,no,aye,aye,aye,aye,aye,aye,aye,aye,aye,aye,aye
8720,Treasury Laws Amendment (Tax Accountability and Fairness) Bill 2023 - Consideration in Detail - Petroleum resource rent tax,2024-03-18,54,65,aye,no,,aye,aye,no,,aye,aye,aye,aye,aye,aye
8719,Treasury Laws Amendment (Tax Accountability and Fairness) Bill 2023 - Second Reading - Criticism of Government,2024-03-18,48,79,aye,no,no,no,no,no,no,no,no,no,no,no,aye
8718,Treasury Laws Amendment (Tax Accountability and Fairness) Bill 2023 - Second Reading - Gas profits,2024-03-18,14,53,no,no,aye,no,aye,aye,aye,aye,aye,aye,aye,aye,aye
8717,Treasury Laws Amendment (Tax Accountability and Fairness) Bill 2023 - Second Reading - Gas companies,2024-03-18,15,53,no,no,aye,aye,aye,aye,aye,aye,aye,aye,aye,aye,aye
8716,Treasury Laws Amendment (Tax Accountability and Fairness) Bill 2023 - Second Reading - Separate the two purposes of the bill,2024-03-18,16,54,no,no,aye,aye,aye,aye,aye,aye,aye,aye,aye,aye,aye
8715,Motions - Middle East - Let another vote take place,2024-03-18,6,63,no,no,aye,aye,,aye,,,,,,no,
8789,Offshore Petroleum and Greenhouse Gas Storage Legislation Amendment (Safety and Other Measures) Bill 2024 - Second Reading - Agree with the bill's main idea,2024-03-25,58,13,aye,aye,no,no,no,no,no,no,no,no,no,no,no
8788,"Offshore Petroleum and Greenhouse Gas Storage Legislation Amendment (Safety and Other Measures) Bill 2024 - Second Reading - Schedule 2, part 2",2024-03-25,10,60,no,no,aye,no,aye,aye,aye,aye,aye,aye,aye,aye,no
8787,Offshore Petroleum and Greenhouse Gas Storage Legislation Amendment (Safety and Other Measures) Bill 2024 - Second Reading - Put the question,2024-03-25,57,14,aye,aye,no,no,no,no,no,no,no,no,no,no,no
8786,Offshore Petroleum and Greenhouse Gas Storage Legislation Amendment (Safety and Other Measures) Bill 2024 - Second Reading - Delay second reading vote,2024-03-25,14,55,no,no,aye,aye,aye,aye,aye,aye,aye,aye,aye,aye,aye
8785,Offshore Petroleum and Greenhouse Gas Storage Legislation Amendment (Safety and Other Measures) Bill 2024 - Second Reading - Put the question,2024-03-25,57,14,aye,aye,no,no,no,no,no,no,no,no,no,no,no
8784,Business â€” Rearrangement,2024-03-25,13,52,,no,aye,aye,aye,aye,no,aye,aye,,aye,no,aye
8783,Offshore Petroleum and Greenhouse Gas Storage Legislation Amendment (Safety and Other Measures) Bill 2024 - Second Reading - Delay consideration,2024-03-25,12,41,no,no,aye,aye,aye,aye,aye,aye,aye,aye,aye,aye,
8775,Australian Research Council Amendment (Review Response) Bill 2023 - Consideration of Senate Message - Agree with amendments,2024-03-21,82,51,no,aye,aye,aye,aye,aye,,aye,aye,aye,aye,aye,
8774,Motions â€” Pensions and Benefits,2024-03-21,12,53,no,no,aye,aye,aye,aye,,aye,aye,aye,aye,aye,
8773,Administrative Review Tribunal (Consequential and Transitional Provisions No. 1) Bill 2023 - Consideration in Detail - Inform applicant,2024-03-21,14,43,no,no,aye,aye,aye,aye,,aye,aye,aye,aye,,aye
8772,Administrative Review Tribunal (Consequential and Transitional Provisions No. 1) Bill 2023 - Consideration in Detail - Dealing with new claims or evidence,2024-03-21,14,48,no,no,aye,aye,aye,aye,,aye,aye,aye,aye,aye,aye
8771,Administrative Review Tribunal (Consequential and Transitional Provisions No. 1) Bill 2023 - Second Reading - Migrant and refugee applicants,2024-03-21,13,54,no,no,aye,aye,aye,aye,,aye,aye,aye,aye,aye,aye
8770,Administrative Review Tribunal Bill 2023 - Second Reading - Agree with the bill's main idea of the bill,2024-03-21,86,52,no,aye,aye,aye,aye,aye,,aye,aye,aye,aye,aye,
8760,Administrative Review Tribunal Bill 2023 and two others - Second Reading - Stop the member from speaking,2024-03-19,49,80,aye,no,no,no,,no,,no,no,,,,no
8759,Administrative Review Tribunal Bill 2023 and two others - Second Reading - Stop the member from speaking,2024-03-19,49,87,aye,no,no,no,no,no,,no,no,no,no,no,no
8758,Superannuation (Objective) Bill 2023 - Second Reading - Criticism of Government,2024-03-19,61,81,aye,no,no,no,aye,no,,aye,aye,aye,aye,,aye
8836,Motions - Australian Football League - Let another motion be moved,2024-03-27,15,51,,no,aye,aye,aye,aye,aye,aye,aye,aye,aye,aye,
8835,"New Vehicle Efficiency Standard Bill 2024, New Vehicle Efficiency Standard (Consequential Amendments) Bill 2024 - Reference to Committee - Refer to Committee",2024-03-27,56,80,aye,no,,aye,no,no,no,no,no,no,,no,
8834,"New Vehicle Efficiency Standard Bill 2024, New Vehicle Efficiency Standard (Consequential Amendments) Bill 2024 - Reference to Committee - Put the question",2024-03-27,74,63,no,aye,,no,no,no,no,no,no,no,,no,
8833,Agriculture (Biosecurity Protection) Levies and Charges Collection Bill 2024 - Second Reading - Agree with the bill's main idea,2024-03-27,74,67,no,aye,no,no,no,no,no,no,no,no,no,no,no
8832,Agriculture (Biosecurity Protection) Charges Bill 2024 - Report from Federation Chamber - Agree with the bill,2024-03-27,74,67,no,aye,no,no,no,no,no,no,no,no,no,no,no
8831,Agriculture (Biosecurity Protection) Levies Bill 2024 - Second Reading - Agree with the bill's main idea,2024-03-27,74,65,no,aye,no,no,no,no,,no,no,no,no,no,
8830,Agriculture (Biosecurity Protection) Levies Bill 2024; Report from Federation Chamber,2024-03-27,62,77,aye,no,no,aye,aye,aye,,aye,aye,aye,aye,aye,
8811,Offshore Petroleum and Greenhouse Gas Storage Legislation Amendment (Safety and Other Measures) Bill 2024 - Third Reading - Pass the bill,2024-03-26,55,13,aye,aye,no,no,no,no,no,no,no,no,no,no,
8810,Offshore Petroleum and Greenhouse Gas Storage Legislation Amendment (Safety and Other Measures) Bill 2024 - Consideration in Detail - Agree with the bill,2024-03-26,54,13,aye,aye,no,no,no,no,no,no,no,no,no,no,
8809,Offshore Petroleum and Greenhouse Gas Storage Legislation Amendment (Safety and Other Measures) Bill 2024 - Consideration in Detail - Tabling reasons for opinions,2024-03-26,14,55,no,no,aye,aye,aye,aye,aye,aye,aye,aye,aye,aye,
8808,Offshore Petroleum and Greenhouse Gas Storage Legislation Amendment (Safety and Other Measures) Bill 2024 - Consideration in Detail - Put the question,2024-03-26,47,14,aye,aye,no,no,no,no,no,no,no,no,no,no,
8807,Offshore Petroleum and Greenhouse Gas Storage Legislation Amendment (Safety and Other Measures) Bill 2024 - Consideration in Detail - EPBC approval,2024-03-26,78,57,no,aye,,no,no,aye,aye,no,no,no,no,aye,
8806,Offshore Petroleum and Greenhouse Gas Storage Legislation Amendment (Safety and Other Measures) Bill 2024 - Consideration in Detail - Put the question,2024-03-26,60,13,aye,aye,no,no,no,no,no,no,no,no,no,no,
8805,Offshore Petroleum and Greenhouse Gas Storage Legislation Amendment (Safety and Other Measures) Bill 2024 - Consideration in Detail - Deleting Part 2 of Schedule 2,2024-03-26,14,52,no,no,aye,aye,aye,aye,aye,aye,aye,aye,aye,aye,
8804,Offshore Petroleum and Greenhouse Gas Storage Legislation Amendment (Safety and Other Measures) Bill 2024 - Consideration in Detail - Put the question,2024-03-26,51,13,aye,aye,no,no,no,no,no,no,no,no,no,no,
8803,Business â€” Rearrangement,2024-03-26,15,37,no,no,aye,aye,aye,aye,aye,aye,aye,aye,aye,aye,aye
8802,Migration Amendment (Removal and Other Measures) Bill 2024 - Third Reading - Pass the bill,2024-03-26,102,13,aye,aye,no,no,no,no,no,no,no,no,no,no,no
8801,Migration Amendment (Removal and Other Measures) Bill 2024 - Consideration in Detail - Agree with the bill,2024-03-26,92,12,aye,aye,no,no,no,no,no,no,no,no,no,no,
8800,Migration Amendment (Removal and Other Measures) Bill 2024 - Consideration in Detail - Ministerial statement,2024-03-26,45,84,aye,no,no,no,,no,no,no,no,no,no,,
8799,Migration Amendment (Removal and Other Measures) Bill 2024 - Second Reading - Agree with the bill's main idea,2024-03-26,50,13,aye,aye,no,no,no,no,no,no,no,no,no,no,no
8798,Migration Amendment (Removal and Other Measures) Bill 2024 - Second Reading - Decline giving a second reading,2024-03-26,12,39,no,no,aye,no,aye,aye,aye,aye,aye,aye,aye,aye,aye
8797,Business â€” Rearrangement,2024-03-26,36,13,aye,aye,no,no,no,,no,no,no,no,no,no,no
8796,Business â€” Rearrangement,2024-03-26,70,13,aye,aye,no,no,no,,no,no,no,no,no,no,no
8795,Business â€” Rearrangement,2024-03-26,13,73,no,no,aye,aye,aye,,aye,aye,aye,aye,aye,aye,aye
8893,Treasury Laws Amendment (Better Targeted Superannuation Concessions and Other Measures) Bill 2023 - Second Reading - Agree with the bill's main idea,2024-05-16,76,64,no,aye,,no,no,aye,no,no,no,no,no,no,
8892,Treasury Laws Amendment (Better Targeted Superannuation Concessions and Other Measures) Bill 2023 and another - Second Reading - Unrealised capital gains,2024-05-16,10,55,no,no,,aye,aye,aye,aye,aye,aye,aye,aye,aye,
8891,Financial Framework (Supplementary Powers) Amendment Bill 2024 - Report from Federation Chamber - Improved grants reporting,2024-05-16,15,75,no,no,aye,aye,aye,aye,aye,aye,aye,aye,aye,aye,aye
8890,Digital Id Bill 2024 - Second Reading - Agree with the bill's main idea,2024-05-16,87,56,no,aye,aye,aye,aye,aye,aye,aye,aye,aye,aye,aye,no
8889,Motions - Parliamentary Procedure - Suspend the usual procedural rules,2024-05-16,65,77,aye,no,,aye,aye,aye,aye,aye,aye,aye,aye,aye,
8888,New Vehicle Efficiency Standard (Consequential Amendments) Bill 2024 - Third Reading - Pass the bill,2024-05-16,89,56,no,aye,aye,aye,aye,aye,aye,aye,aye,aye,aye,aye,
8887,New Vehicle Efficiency Standard (Consequential Amendments) Bill 2024 - Third Reading - Speed things along,2024-05-16,81,64,no,aye,aye,no,no,aye,no,no,no,no,no,no,
8886,New Vehicle Efficiency Standard (Consequential Amendments) Bill 2024 - Second Reading - Agree with the bill's main idea,2024-05-16,90,56,no,aye,aye,aye,aye,aye,aye,aye,aye,aye,aye,aye,
8885,New Vehicle Efficiency Standard (Consequential Amendments) Bill 2024 - Second Reading - Speed things along,2024-05-16,82,66,no,aye,aye,no,no,aye,no,no,no,no,no,no,no
8884,Motions â€” Albanese Government; Attempted Censure,2024-05-16,82,66,no,aye,aye,no,no,aye,no,no,no,no,no,no,no
8883,Motions â€” Albanese Government; Attempted Censure,2024-05-16,82,66,no,aye,aye,no,no,aye,no,no,no,no,no,no,no
8882,New Vehicle Efficiency Standard Bill 2024 - Third Reading - Pass the bill,2024-05-16,90,58,no,aye,aye,aye,aye,aye,aye,aye,aye,aye,aye,aye,no
8881,"New Vehicle Efficiency Standard Bill 2024, New Vehicle Efficiency Standard (Consequential Amendments) Bill 2024 - Third Reading - Put the question",2024-05-16,81,67,no,aye,aye,no,no,no,no,no,aye,no,no,no,no
8880,"New Vehicle Efficiency Standard Bill 2024, New Vehicle Efficiency Standard (Consequential Amendments) Bill 2024 - Third Reading - Speed things along",2024-05-16,81,66,no,aye,aye,no,no,no,no,no,no,,no,no,no
8875,Therapeutic Goods and Other Legislation Amendment (Vaping Reforms) Bill 2024 - Second Reading - Criticises Government,2024-05-15,55,84,aye,no,,no,no,,,no,no,no,no,,no
8874,Treasury Laws Amendment (Support for Small Business and Charities and Other Measures) Bill 2023 - Consideration of Senate Message -  Medium business entities and writeoff threshold,2024-05-15,75,18,no,aye,no,no,no,,no,no,no,no,no,no,
8872,Communications Legislation Amendment (Prominence and Anti-Siphoning) Bill 2023 - Consideration in Detail - Shorten timeframe,2024-05-14,13,61,no,no,aye,aye,aye,,aye,aye,aye,aye,aye,aye,
8871,Motions - Climate Change - Suspend the rules to let another motion be moved,2024-05-14,13,97,no,no,aye,aye,aye,aye,aye,aye,aye,aye,aye,aye,
8943,Export Control Amendment (Ending Live Sheep Exports by Sea) Bill 2024 - Reference to Committee - Refer the bill,2024-05-30,55,82,aye,no,no,aye,,no,aye,no,no,no,no,no,
8942,Treasury Laws Amendment (Delivering Better Financial Outcomes and Other Measures) Bill 2024 - Report from Federation Chamber - Fix drafting errors,2024-05-29,58,75,aye,no,no,aye,aye,aye,,aye,aye,aye,aye,aye,aye
8941,Illegal Logging Prohibition Amendment (Strengthening Measures to Prevent Illegal Timber Trade) Bill 2024 - Report from Federation Chamber - End native forest logging,2024-05-29,11,102,no,no,aye,no,aye,aye,,aye,aye,aye,aye,aye,
8940,Motions - Middle East - Let another vote take place,2024-05-29,5,80,no,no,aye,,,aye,,no,,,,no,
8939,Treasury Laws Amendment (Support for Small Business and Charities and Other Measures) Bill 2023 - Consideration of Senate Message - Increasing asset cost threshold; extending to medium business entities,2024-05-28,73,68,no,aye,no,no,no,no,no,no,no,no,no,no,no
8938,Attorney-General's Portfolio Miscellaneous Measures Bill 2023 - Consideration of Senate Message - Number of committee members,2024-05-28,87,52,no,aye,aye,aye,aye,aye,aye,aye,aye,aye,aye,aye,
8937,Administrative Review Tribunal Bill 2024 - Consideration of Senate Message - Systemic issues,2024-05-28,86,53,no,aye,aye,aye,aye,aye,aye,aye,aye,aye,aye,aye,
8960,Matters of Public Importance - Housing - Call on the business,2024-06-06,71,54,no,aye,,no,no,,,no,,,no,no,
8959,Motions - National Disability Insurance Scheme - Suspend the usual procedural rules,2024-06-06,52,70,aye,no,aye,,,,,,,,,,
8958,Treasury Laws Amendment (Financial Market Infrastructure and Other Measures) Bill 2024 - Second Reading - Agree with the bill's main idea,2024-06-06,84,51,no,aye,aye,aye,aye,aye,aye,aye,,aye,aye,aye,
8957,Treasury Laws Amendment (Financial Market Infrastructure and Other Measures) Bill 2024 - Second Reading - Decline second reading,2024-06-06,51,84,aye,no,no,no,no,no,no,no,,no,no,no,
8956,Business â€” Rearrangement,2024-06-06,69,58,no,aye,,no,no,no,no,no,,,no,no,
8955,Statements â€” Personal Explanation,2024-06-05,83,6,aye,aye,no,no,,,,,,,no,,
8954,Statements â€” Personal Explanation,2024-06-05,92,5,aye,aye,no,no,,,,,,,,,
8953,National Disability Insurance Scheme Amendment (Getting the NDIS Back on Track No. 1) Bill 2024 - Consideration in Detail - Supports and consultation,2024-06-05,14,34,no,no,aye,aye,aye,aye,aye,aye,,aye,aye,aye,aye
8952,National Disability Insurance Scheme Amendment (Getting the NDIS Back on Track No. 1) Bill 2024 - Second Reading - Release modelling and cuts,2024-06-05,57,82,aye,no,no,no,aye,no,no,no,,aye,aye,aye,no
8951,Net Zero Economy Authority (Transitional Provisions) Bill 2024 - Second Reading - Agree with the main idea of the bill,2024-06-04,86,51,no,aye,aye,aye,aye,aye,aye,aye,,aye,aye,aye,
8950,Net Zero Economy Authority Bill 2024 - Consideration in Detail - Agree with the bill,2024-06-04,82,51,no,aye,aye,aye,aye,aye,aye,aye,,,aye,aye,
8949,Net Zero Economy Authority Bill 2024 - Consideration in Detail - Increase scope of bill,2024-06-04,12,36,no,no,aye,aye,aye,aye,aye,aye,,aye,aye,aye,
8948,Net Zero Economy Authority Bill 2024 - Consideration in Detail - Housekeeping and renewable energy zones,2024-06-04,8,29,no,no,,aye,aye,aye,aye,aye,,aye,aye,aye,
8947,Net Zero Economy Authority Bill 2024 - Consideration in Detail - Community engagements and plans; developer rating scheme,2024-06-04,8,44,no,no,,aye,aye,aye,aye,aye,,aye,aye,aye,
8946,Net Zero Economy Authority Bill 2024 - Consideration in Detail - Review of the operation of this Act,2024-06-04,12,43,no,no,aye,aye,aye,aye,aye,aye,,aye,aye,aye,
8945,Net Zero Economy Authority Bill 2024 - Consideration in Detail - Appointment of Board members,2024-06-04,13,45,no,no,aye,aye,aye,aye,aye,aye,,aye,aye,,aye
8944,Net Zero Economy Authority Bill 2024 - Second Reading - Agree with the bill's main idea,2024-06-04,88,53,no,aye,aye,aye,aye,aye,aye,aye,,aye,aye,aye,aye
8961,Motions - Grocery Prices - Let another vote take place,2024-06-24,7,56,no,no,aye,no,,aye,,no,no,no,,no,
8996,Treasury Laws Amendment (Responsible Buy Now Pay Later and Other Measures) Bill 2024 - Consideration in Detail - Delete Schedule 1,2024-06-27,51,82,aye,no,,no,no,,no,no,no,no,no,no,no
8995,Capital Works (Build to Rent Misuse Tax) Bill 2024 - Report from Federation Chamber - Agree with the bill's main idea,2024-06-27,83,50,no,aye,,aye,aye,aye,aye,aye,aye,aye,aye,aye,aye
8994,Treasury Laws Amendment (Responsible Buy Now Pay Later and Other Measures) Bill 2024 - Report from Federation Chamber - Criticism of Government,2024-06-27,55,81,aye,no,no,no,aye,no,,aye,aye,,aye,aye,no
8993,Treasury Laws Amendment (Responsible Buy Now Pay Later and Other Measures) Bill 2024 - Report from Federation Chamber - Criticism of Government,2024-06-27,5,74,no,no,aye,no,no,aye,no,no,no,no,no,no,no
8992,Therapeutic Goods and Other Legislation Amendment (Vaping Reforms) Bill 2024 - Consideration of Senate Message - Agree with the Senate's amendments,2024-06-27,67,10,aye,aye,aye,no,no,no,no,no,no,no,no,no,aye
8980,Fair Work (Registered Organisations) Amendment (Withdrawal from Amalgamation) Bill 2024 - Report from Federation Chamber - Criticism of Government,2024-06-26,58,80,aye,no,no,,aye,no,aye,aye,aye,,aye,aye,
8979,Export Control Amendment (Ending Live Sheep Exports by Sea) Bill 2024 - Second Reading - Agree with the bill's main idea,2024-06-26,89,54,no,aye,aye,aye,aye,aye,no,aye,aye,aye,aye,aye,aye
8978,Export Control Amendment (Ending Live Sheep Exports by Sea) Bill 2024 - Second Reading - Decline a second reading,2024-06-26,53,89,aye,no,no,no,no,no,no,no,no,no,no,no,
8977,Motions - Environment - Let another vote take place,2024-06-26,13,78,no,no,aye,aye,aye,aye,aye,aye,aye,aye,aye,aye,no
8965,National Health Amendment (Supporting Patient Access to Cheaper Medicines and Other Measures) Bill 2024 - Second Reading - Recognise Coalition's role,2024-06-25,58,82,aye,no,no,no,aye,no,aye,aye,,aye,,aye,aye
8964,Business â€” Rearrangement,2024-06-25,76,64,no,aye,,no,no,no,no,no,no,no,no,no,aye
8963,Governor-General Amendment (Salary) Bill 2024 - Second Reading - Agree with the bill's main idea,2024-06-25,61,7,aye,aye,no,aye,aye,no,aye,aye,aye,,aye,aye,
9027,Motions - Middle East - Adjourn debate,2024-07-03,74,60,no,aye,,no,no,,no,no,no,no,no,no,
9026,Motions - Middle East - Recognise State of Palestine,2024-07-03,81,55,no,aye,no,aye,aye,,aye,aye,aye,aye,aye,no,aye
9025,Business - Suspension of Standing and Sessional Orders - Adjourn debate,2024-07-03,73,65,no,aye,,no,no,no,no,no,no,no,no,no,
9024,Nature Positive (Environment Protection Australia) Bill 2024 and two others - Second Reading - Agree with bill's main idea,2024-07-03,82,60,no,aye,no,no,,no,,aye,aye,aye,aye,aye,aye
9023,Nature Positive (Environment Protection Australia) Bill 2024 and two others - Second Reading - Criticism of the bills,2024-07-03,54,87,aye,no,no,no,no,no,,,no,no,no,,no
9022,Nature Positive (Environment Protection Australia) Bill 2024 and two others - Second Reading - Criticism of bills,2024-07-03,9,93,no,no,aye,aye,,aye,,aye,aye,aye,aye,,no
9021,Motions - War Memorials: Vandalism - Adjourn debate,2024-07-03,74,65,no,aye,,no,no,no,no,no,no,no,no,no,no
9007,Motions - War Memorials: Vandalism - Adjourn debate,2024-07-02,74,63,no,aye,,no,no,no,no,no,no,no,no,no,no
9053,"Motions - Prime Minister, Middle East: Migration - Adjourn debate",2024-08-19,86,53,no,aye,aye,aye,aye,,aye,aye,aye,,,aye,aye
9052,Motions - National Security - A motion on visas for people fleeing from Gaza,2024-08-15,85,53,no,aye,aye,aye,aye,aye,aye,aye,aye,aye,aye,,aye
9039,Education Services for Overseas Students Amendment (Quality and Integrity) Bill 2024 - Consideration in Detail - Power to cap international student enrolments,2024-08-13,12,48,no,no,aye,aye,aye,no,aye,aye,aye,aye,aye,aye,
9038,Education Services for Overseas Students Amendment (Quality and Integrity) Bill 2024 - Consideration in Detail - Sunset clause on power to cap international student enrolments,2024-08-13,11,46,no,no,aye,aye,aye,no,aye,aye,aye,aye,aye,aye,
9037,Education Services for Overseas Students Amendment (Quality and Integrity) Bill 2024 - Consideration in Detail - Cap at provider level only,2024-08-13,14,46,no,no,aye,aye,aye,aye,aye,aye,aye,aye,aye,aye,aye
9036,Education Services for Overseas Students Amendment (Quality and Integrity) Bill 2024 - Second Reading - Agree with the bill's main idea,2024-08-13,80,14,aye,aye,no,no,no,aye,no,no,no,no,no,no,no
9035,Education Services for Overseas Students Amendment (Quality and Integrity) Bill 2024 - Second Reading - Criticism of Government,2024-08-13,55,88,aye,no,no,no,no,no,no,no,no,,no,no,no
9078,Committees - Privileges and Members' Interests Committee; Reference - Let another vote take place,2024-08-21,52,86,aye,no,no,no,no,,no,no,no,,,no,no
9077,Motions - Middle East - Adjourn debate,2024-08-21,83,6,aye,aye,no,no,,no,,,,,,aye,
9076,Fair Work (Registered Organisations) Amendment (Administration) Bill 2024 - Consideration in Detail - Speed things along,2024-08-20,75,67,no,aye,no,no,no,no,no,no,no,no,no,no,no
9075,Fair Work (Registered Organisations) Amendment (Administration) Bill 2024 - Second Reading - Speed things along,2024-08-20,76,70,no,aye,no,no,no,no,no,no,no,no,no,no,no
9074,Motions - Treasurer - Stop the Member from speaking,2024-08-20,53,92,aye,no,no,no,no,no,no,no,no,no,no,no,no
9106,Future Made in Australia (Omnibus Amendments No. 1) Bill 2024 - Consideration in Detail - Agree to the bill as amended,2024-09-09,82,55,no,aye,,aye,aye,aye,aye,aye,aye,aye,aye,aye,no
9105,Future Made in Australia (Omnibus Amendments No. 1) Bill 2024 - Consideration in Detail - Put the question,2024-09-09,76,63,no,aye,,no,aye,aye,no,no,no,no,no,no,no
9104,Future Made in Australia (Omnibus Amendments No. 1) Bill 2024 - Consideration in Detail - Long service leave,2024-09-09,86,55,no,aye,aye,aye,aye,aye,aye,aye,aye,aye,,aye,no
9103,Future Made in Australia (Omnibus Amendments No. 1) Bill 2024 - Consideration in Detail - Put the question,2024-09-09,75,63,no,aye,,no,no,aye,no,no,no,no,,no,no
9102,Future Made in Australia (Omnibus Amendments No. 1) Bill 2024 - Second Reading - Agree with the bill's main idea,2024-09-09,82,55,no,aye,,aye,aye,aye,aye,aye,aye,aye,,aye,no
9101,Future Made in Australia Bill 2024 - Third Reading - Vote on the bill straight away,2024-09-09,85,54,no,aye,,aye,aye,aye,aye,aye,aye,aye,aye,aye,aye
9100,Future Made in Australia Bill 2024 - Consideration in Detail - Agree to the bill,2024-09-09,82,54,no,aye,,aye,aye,aye,aye,aye,aye,aye,aye,aye,no
9099,Future Made in Australia Bill 2024 - Consideration in Detail - Put the question,2024-09-09,74,63,no,aye,,no,no,aye,no,no,no,no,no,no,no
9098,"Future Made in Australia Bill 2024 - Consideration in Detail - Consultation, additional community benefit principle & reporting requirements",2024-09-09,87,53,no,aye,aye,aye,aye,aye,aye,aye,aye,aye,aye,aye,aye
9097,Future Made in Australia Bill 2024 - Consideration in Detail - Prioritising domestic food processing and agriculture industries,2024-09-09,11,54,no,no,aye,aye,aye,aye,no,no,no,no,aye,no,aye
9096,Future Made in Australia Bill 2024 - Consideration in Detail - Sector assessments,2024-09-09,10,47,,no,aye,aye,aye,aye,aye,aye,aye,aye,,aye,
9095,"Future Made in Australia Bill 2024 - Consideration in Detail - Participation of underrepresented groups, sector assessments, and net zero transformation stream",2024-09-09,13,40,,no,aye,aye,aye,aye,aye,aye,aye,aye,aye,aye,
9094,Future Made in Australia Bill 2024 - Consideration in Detail - National Interest Framework,2024-09-09,12,45,,no,aye,aye,aye,aye,aye,aye,aye,aye,aye,,
9093,Future Made in Australia Bill 2024 - Consideration in Detail - Sector assessments,2024-09-09,10,52,no,no,,aye,aye,aye,aye,aye,aye,aye,aye,aye,
9092,Future Made in Australia Bill 2024 - Consideration in Detail - Sector assessments,2024-09-09,13,54,no,no,aye,aye,aye,aye,aye,aye,aye,aye,aye,aye,
9091,Future Made in Australia Bill 2024 - Consideration in Detail - Decarbonisation,2024-09-09,13,55,no,no,aye,aye,aye,aye,aye,aye,aye,aye,aye,aye,
9090,Treasury Laws Amendment (Financial Market Infrastructure and Other Measures) Bill 2024 - Consideration of Senate Message - Agree and pass bill,2024-09-09,90,53,no,aye,aye,aye,aye,aye,aye,aye,aye,aye,aye,aye,aye
9089,Net Zero Economy Authority Bill 2024 - Consideration of Senate Message - Agree and pass the bill,2024-09-09,89,51,no,aye,aye,aye,aye,aye,aye,aye,aye,aye,aye,aye,
9127,Treasury Laws Amendment (Reserve Bank Reforms) Bill 2023 - Consideration in Detail - Agree to the bill,2024-09-12,82,59,no,aye,no,aye,aye,aye,aye,aye,aye,,,aye,aye
9126,Treasury Laws Amendment (Reserve Bank Reforms) Bill 2023 - Consideration in Detail - Differences of opinion with the Government on questions of policy,2024-09-12,6,69,no,no,aye,no,no,aye,,no,no,,,no,
9125,Treasury Laws Amendment (Reserve Bank Reforms) Bill 2023 - Report from Federation Chamber - Agree with the bill's main idea,2024-09-12,83,60,no,aye,no,aye,aye,aye,aye,aye,aye,aye,,aye,aye
9124,Motions - Land Forces International Land Defence Exposition: Protests - Adjourn debate,2024-09-12,79,63,no,aye,aye,no,no,,no,no,no,no,no,no,
9123,Paid Parental Leave Amendment (Adding Superannuation for a More Secure Retirement) Bill 2024 - Second Reading - Coalition policies,2024-09-12,54,86,aye,no,no,no,no,no,no,no,no,no,no,no,aye
9116,Parliamentary Workplace Support Service Amendment (Independent Parliamentary Standards Commission) Bill 2024 - Consideration in Detail - Independent appointment,2024-09-11,13,50,no,no,aye,aye,aye,aye,aye,aye,aye,aye,aye,aye,
9115,Parliamentary Workplace Support Service Amendment (Independent Parliamentary Standards Commission) Bill 2024 - Consideration in Detail - Including recommendations for sanction,2024-09-11,13,48,no,no,aye,aye,aye,aye,aye,aye,aye,aye,aye,aye,
9114,Parliamentary Workplace Support Service Amendment (Independent Parliamentary Standards Commission) Bill 2024 - Second Reading - Amend legislation,2024-09-11,13,52,no,no,aye,aye,aye,aye,aye,aye,aye,aye,aye,aye,
9113,Parliamentary Workplace Support Service Amendment (Independent Parliamentary Standards Commission) Bill 2024 - Second Reading - New Code of Conduct,2024-09-11,13,55,no,no,aye,aye,aye,aye,aye,aye,aye,aye,aye,aye,
9192,Treasury Laws Amendment (2024 Tax and Other Measures No. 1) Bill 2024 - Second Reading - Criticism of tax policies,2024-10-10,57,79,aye,no,no,no,aye,aye,aye,aye,aye,aye,aye,aye,
9191,Committees â€” Nuclear Energy Select Committee; Appointment,2024-10-10,53,75,aye,no,,aye,aye,aye,aye,aye,aye,aye,aye,aye,aye
9190,Committees â€” Nuclear Energy Select Committee; Appointment,2024-10-10,52,75,aye,no,aye,aye,aye,aye,aye,aye,aye,aye,aye,aye,aye
9189,Committees â€” Nuclear Energy Select Committee; Appointment,2024-10-10,74,64,no,aye,no,no,no,no,no,no,no,no,no,no,no
9188,Universities Accord (Student Support and Other Measures) Bill 2024 - Consideration in Detail - Maximum student contribution amounts for places and HELP indexation,2024-10-10,12,68,no,no,aye,aye,aye,aye,,aye,aye,aye,aye,aye,
9172,Universities Accord (Student Support and Other Measures) Bill 2024 - Second Reading - Criticism and refer bill to committee,2024-10-09,47,87,aye,no,no,no,no,no,no,no,no,no,no,,no
9171,Universities Accord (Student Support and Other Measures) Bill 2024 - Second Reading - Student debt,2024-10-09,5,56,no,no,aye,no,no,aye,no,no,no,no,no,no,
9170,Universities Accord (National Student Ombudsman) Bill 2024 - Report from Federation Chamber - Release the National Student Ombudsman Rules,2024-10-09,60,77,aye,no,no,aye,aye,aye,aye,aye,aye,aye,aye,aye,aye
9169,Superannuation (Better Targeted Superannuation Concessions) Imposition Bill 2023 - Second Reading - Agree with main idea of the bill,2024-10-09,75,59,no,aye,,no,no,aye,no,no,no,no,no,no,aye
9168,Treasury Laws Amendment (Better Targeted Superannuation Concessions and Other Measures) Bill 2023 - Consideration in Detail - Agree with the bill,2024-10-09,75,62,no,aye,,no,no,aye,no,no,no,no,no,no,aye
9167,Treasury Laws Amendment (Better Targeted Superannuation Concessions and Other Measures) Bill 2023 - Consideration in Detail - Unrealised gains,2024-10-09,60,74,aye,no,,no,aye,aye,aye,aye,aye,aye,aye,aye,no
9166,Treasury Laws Amendment (Better Targeted Superannuation Concessions and Other Measures) Bill 2023 - Consideration in Detail - Omit schedules 1-3,2024-10-09,59,76,aye,no,,no,aye,no,aye,aye,aye,,aye,aye,
9165,Treasury Laws Amendment (Better Targeted Superannuation Concessions and Other Measures) Bill 2023 - Consideration in Detail - Indexation,2024-10-09,9,52,,no,,aye,aye,no,aye,aye,aye,aye,aye,aye,
9162,Future Made in Australia (Guarantee of Origin) Bill 2024 and two others - Reference to Committee - Refer for report,2024-10-08,62,75,aye,no,,aye,aye,no,aye,aye,aye,aye,,aye,aye
9161,Help to Buy Bill 2023 [No. 2] - First Reading - Suspend the usual rules,2024-10-08,84,52,no,aye,,aye,aye,aye,aye,aye,aye,aye,,aye,aye
9160,Motions â€” Israel Attacks: First Anniversary,2024-10-08,77,63,no,aye,aye,,,,no,no,no,no,no,no,
9159,Motions â€” Israel Attacks: First Anniversary,2024-10-08,85,54,no,aye,,aye,aye,aye,aye,aye,aye,aye,aye,aye,aye
9211,Wage Justice for Early Childhood Education and Care Workers (Special Account) Bill 2024 - Second Reading - Criticism of Government,2024-11-04,57,84,aye,no,no,no,no,,no,no,no,,aye,,aye
9218,Aged Care Legislation Amendment Bill 2024 - Second Reading - Reporting burden,2024-11-07,52,72,aye,no,,aye,aye,aye,aye,aye,aye,aye,aye,aye,aye
9217,"Aged Care Bill 2024, Aged Care Legislation Amendment Bill 2024 - Consideration in Detail - Advisory bodies",2024-11-07,51,8,aye,aye,no,no,aye,aye,aye,no,no,aye,no,aye,aye
9216,Better and Fairer Schools (Funding and Reform) Bill 2024 - Report from Federation Chamber - Public schools,2024-11-07,13,41,no,no,aye,aye,aye,aye,aye,aye,aye,aye,aye,,aye
9215,Communications Legislation Amendment (Combatting Misinformation and Disinformation) Bill 2024 - Consideration in Detail - Agree with amended bill,2024-11-07,79,56,no,aye,,no,aye,no,aye,aye,aye,aye,aye,no,
9214,Communications Legislation Amendment (Combatting Misinformation and Disinformation) Bill 2024 - Consideration in Detail - Government amendments,2024-11-07,86,53,no,aye,aye,aye,aye,aye,aye,aye,aye,aye,aye,aye,
9213,Communications Legislation Amendment (Combatting Misinformation and Disinformation) Bill 2024 - Second Reading - Agree with the bill's main idea,2024-11-07,78,57,no,aye,,no,aye,no,aye,aye,aye,aye,aye,no,no
9212,Communications Legislation Amendment (Combatting Misinformation and Disinformation) Bill 2024 - Second Reading - Murdoch media,2024-11-07,5,60,no,no,aye,no,no,aye,no,no,no,,no,no,no
9219,"Electoral Legislation Amendment (Electoral Reform) Bill 2024, Electoral Legislation Amendment (Electoral Communications) Bill 2024 - Reference to Committee - Refer to committee",2024-11-18,14,50,no,no,aye,aye,aye,aye,aye,aye,aye,aye,aye,aye,aye
9241,Business â€” Rearrangement,2024-11-25,12,64,no,no,,aye,aye,aye,aye,aye,aye,aye,,,aye
9228,Treasury Laws Amendment (Mergers and Acquisitions Reform) Bill 2024 - Report from Federation Chamber - Coalition amendment,2024-11-21,57,77,aye,no,no,aye,aye,no,aye,aye,aye,,,aye,
9292,Future Made in Australia (Production Tax Credits and Other Measures) Bill 2024 - Second Reading - Agree with the bill's main idea,2024-11-28,86,50,no,aye,aye,aye,aye,aye,aye,aye,aye,aye,aye,aye,
9291,Future Made in Australia (Production Tax Credits and Other Measures) Bill 2024 - Second Reading - Put the question,2024-11-28,75,58,no,aye,aye,no,no,no,no,no,no,no,no,no,
9290,Treasury Laws Amendment (Fairer for Families and Farmers and Other Measures) Bill 2024 - Third Reading - Pass the bill,2024-11-28,77,53,no,aye,aye,no,aye,no,,,,,no,,
9289,Treasury Laws Amendment (Fairer for Families and Farmers and Other Measures) Bill 2024 - Third Reading - Suspend the usual rules,2024-11-28,77,58,no,aye,aye,no,aye,no,no,no,no,no,no,no,
9288,Treasury Laws Amendment (Fairer for Families and Farmers and Other Measures) Bill 2024 - Second Reading - Agree with the bill's main idea,2024-11-28,78,56,no,aye,aye,no,aye,no,,no,no,,no,no,
9287,Treasury Laws Amendment (Fairer for Families and Farmers and Other Measures) Bill 2024 - Second Reading - Put the question,2024-11-28,74,54,no,aye,aye,no,no,,no,,,,,,
9286,Motions - Parliamentary Procedure - Treasury Laws Amendment (Fairer for Families and Farmers and Other Measures) Bill 2024,2024-11-28,61,75,aye,no,no,aye,aye,,aye,aye,aye,aye,aye,aye,aye
9285,Motions - Parliamentary Procedure - Stop Mr Taylor from speaking,2024-11-28,72,61,no,aye,,no,no,,no,no,no,no,no,no,no
9284,Motions - Parliamentary Procedure - Stop Mr Fletcher from speaking,2024-11-28,72,61,no,aye,,no,no,,no,no,no,no,no,no,no
9283,Business â€” Rearrangement,2024-11-28,76,60,no,aye,aye,no,no,aye,no,no,no,no,no,no,no
9282,Business â€” Rearrangement,2024-11-28,73,62,no,aye,no,no,no,aye,no,no,no,no,no,no,no
9281,Future Made in Australia (Production Tax Credits and Other Measures) Bill 2024 - Second Reading - Adjourn debate and recommence later,2024-11-28,73,61,no,aye,,no,no,aye,no,no,no,no,no,no,no
9280,Motions - Gambling Advertising - Adjourn debate,2024-11-28,71,30,no,aye,no,no,no,no,no,no,no,no,no,,no
9279,Motions - Gambling Advertising - Adjourn debate,2024-11-28,71,63,no,aye,no,no,no,no,no,no,no,no,no,no,
9252,Migration Amendment (Prohibiting Items in Immigration Detention Facilities) Bill 2024 - Second Reading - Agree with the bill's main idea,2024-11-26,44,13,aye,aye,no,no,no,no,no,no,no,no,no,no,
9251,"Aged Care (Consequential and Transitional Provisions) Bill 2024 - Consideration in Detail - Change from ""may"" to ""must""",2024-11-26,54,84,aye,no,no,no,no,no,,no,no,no,no,,no
9313,Treasury Laws Amendment (Tax Incentives and Integrity) Bill 2024 - Consideration in Detail -  Denying deductions for interest charges,2025-02-10,59,77,aye,no,no,aye,aye,aye,aye,aye,aye,aye,aye,aye,aye
9312,Treasury Laws Amendment (Tax Incentives and Integrity) Bill 2024 - Consideration in Detail - Making the instant asset write-off permanent,2025-02-10,15,53,no,no,aye,aye,aye,aye,aye,aye,aye,aye,aye,aye,aye
9311,Motions - Attorney-General - Stop Mr Dreyfus from speaking,2025-02-10,52,91,aye,no,no,no,no,no,no,no,no,no,no,no,no
9310,Treasury Laws Amendment (Tax Incentives and Integrity) Bill 2024 - Consideration in Detail - Instant asset write-off,2025-02-10,59,75,aye,no,aye,aye,aye,aye,aye,aye,aye,aye,aye,aye,
9309,Treasury Laws Amendment (Tax Incentives and Integrity) Bill 2024 - Report from Federation Chamber - Criticism of Government,2025-02-10,50,81,aye,no,no,no,no,,,,no,,,,
9296,Health Legislation Amendment (Improved Medicare Integrity and Other Measures) Bill 2024 - Second Reading - Criticism of Government,2025-02-05,46,74,aye,no,,,,,,,,,,,
9295,Health Legislation Amendment (Improved Medicare Integrity and Other Measures) Bill 2024 - Second Reading - Dental care,2025-02-05,9,52,no,no,aye,aye,,aye,aye,aye,aye,,,no,
9294,Free Tafe Bill 2024 - Second Reading - Agree with the bill's main idea,2025-02-05,83,53,no,aye,aye,aye,,aye,,,,aye,,no,aye
9293,Free Tafe Bill 2024 - Second Reading - Student debt and repayment threshold,2025-02-05,5,59,no,no,aye,no,,aye,,,,,,,
9319,Electricity Infrastructure Legislation Amendment Bill 2025 - Consideration in Detail - Agree with the bill as amended,2025-02-12,86,50,no,aye,aye,aye,aye,aye,aye,aye,aye,aye,,aye,aye
9318,Electricity Infrastructure Legislation Amendment Bill 2025 - Consideration in Detail - Enshrine target in law,2025-02-12,86,50,no,aye,aye,aye,aye,aye,aye,aye,aye,aye,,aye,aye
9317,Business - Suspension of Standing and Sessional Orders - Keeping Cash Transactions in Australia Bill 2024,2025-02-12,12,43,,no,aye,aye,aye,aye,,aye,aye,,,,aye
9316,Business - Rearrangement - Treasury Laws Amendment (Tax Incentives and Integrity) Bill 2024,2025-02-12,58,74,aye,no,,aye,aye,,aye,,aye,,,aye,aye
9315,Social Security Legislation Amendment (Technical Changes) Bill 2025 - Second Reading - Agree with the bill's main idea,2025-02-11,81,5,aye,aye,no,aye,aye,no,aye,aye,aye,,,aye,aye
9314,Business - Rearrangement - Electricity Infrastructure Legislation Amendment Bill 2025,2025-02-11,57,81,aye,no,no,no,aye,no,,,aye,,aye,aye,aye
